message,label
Your appointment with Dr. Smith is confirmed for Friday at 10 AM.,0
Happy Birthday Jessica! Wishing you a fantastic day and great year ahead.,0
Congratulations! You were selected to receive 0.5 BTC reward. Claim your prize immediately: http://bit-claim.org,1
SECURITY ALERT: Unauthorized login detected on your account. Tap here to lock account: http://secure-auth.net,1
Happy Birthday Emily! Wishing you a fantastic day and great year ahead.,0
"Hi Emily, your package delivery is scheduled for tomorrow between 2 PM and 4 PM.",0
"Hey, are we still meeting for lunch today? Let me know!",0
Immediate action required! Your social security number has been compromised. Verify identity now: http://ssn-verify.info,1
"ACT NOW! You have an unclaimed tax refund of $1,250. Click here to submit details: http://irs-refund-claim.com",1
"Dear Customer, your card has been charged $499.99 for order #82258. If not you, call support immediately or visit http://cancel-order.top",1
"Dear Customer, your card has been charged $499.99 for order #57754. If not you, call support immediately or visit http://cancel-order.top",1
Your appointment with Dr. Smith is confirmed for Friday at 10 AM.,0
FINAL WARNING: Your parcel delivery failed due to unpaid customs fee of $2.99. Pay now: http://postal-fee.org,1
Your appointment with Dr. Smith is confirmed for Friday at 10 AM.,0
"Dear Customer, your card has been charged $499.99 for order #89114. If not you, call support immediately or visit http://cancel-order.top",1
"You won a $1,000 Amazon Gift Card! Claim your free reward today: http://claim-giftcard.xyz",1
Your appointment with Dr. Smith is confirmed for Friday at 10 AM.,0
FINAL WARNING: Your parcel delivery failed due to unpaid customs fee of $2.99. Pay now: http://postal-fee.org,1
"You won a $1,000 Amazon Gift Card! Claim your free reward today: http://claim-giftcard.xyz",1
Hey! Don't forget our meeting today at 3:00 PM in Conference Room B.,0
"Dear Customer, your card has been charged $499.99 for order #61455. If not you, call support immediately or visit http://cancel-order.top",1
"You won a $1,000 Amazon Gift Card! Claim your free reward today: http://claim-giftcard.xyz",1
Immediate action required! Your social security number has been compromised. Verify identity now: http://ssn-verify.info,1
Happy Birthday Jessica! Wishing you a fantastic day and great year ahead.,0
"You won a $1,000 Amazon Gift Card! Claim your free reward today: http://claim-giftcard.xyz",1
Thanks for visiting our store! Here is your digital receipt for purchase #1978.,0
"Hi Sarah, your package delivery is scheduled for tomorrow between 2 PM and 4 PM.",0
FINAL WARNING: Your parcel delivery failed due to unpaid customs fee of $2.99. Pay now: http://postal-fee.org,1
"You won a $1,000 Amazon Gift Card! Claim your free reward today: http://claim-giftcard.xyz",1
Thanks for visiting our store! Here is your digital receipt for purchase #7831.,0
"Dear Customer, your card has been charged $499.99 for order #49852. If not you, call support immediately or visit http://cancel-order.top",1
Your weekly account summary is ready to view in the banking app.,0
"You won a $1,000 Amazon Gift Card! Claim your free reward today: http://claim-giftcard.xyz",1
"Hey, are we still meeting for lunch today? Let me know!",0
"Hey, are we still meeting for lunch today? Let me know!",0
"ACT NOW! You have an unclaimed tax refund of $1,250. Click here to submit details: http://irs-refund-claim.com",1
Your weekly account summary is ready to view in the banking app.,0
"Hey, are we still meeting for lunch today? Let me know!",0
"Dear Customer, your card has been charged $499.99 for order #39480. If not you, call support immediately or visit http://cancel-order.top",1
Hey! Don't forget our meeting today at 3:00 PM in Conference Room B.,0
"Hi Jessica, your package delivery is scheduled for tomorrow between 2 PM and 4 PM.",0
Can you please review the attached document and send me your feedback?,0
"Hi Sarah, your package delivery is scheduled for tomorrow between 2 PM and 4 PM.",0
"Dear Customer, your card has been charged $499.99 for order #30749. If not you, call support immediately or visit http://cancel-order.top",1
"ACT NOW! You have an unclaimed tax refund of $1,250. Click here to submit details: http://irs-refund-claim.com",1
FINAL WARNING: Your parcel delivery failed due to unpaid customs fee of $2.99. Pay now: http://postal-fee.org,1
Your appointment with Dr. Smith is confirmed for Friday at 10 AM.,0
"Hey, are we still meeting for lunch today? Let me know!",0
Happy Birthday Daniel! Wishing you a fantastic day and great year ahead.,0
"ACT NOW! You have an unclaimed tax refund of $1,250. Click here to submit details: http://irs-refund-claim.com",1
"You won a $1,000 Amazon Gift Card! Claim your free reward today: http://claim-giftcard.xyz",1
"Hi Sarah, your package delivery is scheduled for tomorrow between 2 PM and 4 PM.",0
FINAL WARNING: Your parcel delivery failed due to unpaid customs fee of $2.99. Pay now: http://postal-fee.org,1
Immediate action required! Your social security number has been compromised. Verify identity now: http://ssn-verify.info,1
Congratulations! You were selected to receive 0.5 BTC reward. Claim your prize immediately: http://bit-claim.org,1
"ACT NOW! You have an unclaimed tax refund of $1,250. Click here to submit details: http://irs-refund-claim.com",1
URGENT: Your bank account has been suspended! Verify identity immediately within 24 hours: http://bank-verify.info,1
"ACT NOW! You have an unclaimed tax refund of $1,250. Click here to submit details: http://irs-refund-claim.com",1
Thanks for visiting our store! Here is your digital receipt for purchase #9617.,0
Thanks for visiting our store! Here is your digital receipt for purchase #3934.,0
Thanks for visiting our store! Here is your digital receipt for purchase #5895.,0
"Hey, are we still meeting for lunch today? Let me know!",0
SECURITY ALERT: Unauthorized login detected on your account. Tap here to lock account: http://secure-auth.net,1
"Hi Daniel, your package delivery is scheduled for tomorrow between 2 PM and 4 PM.",0
URGENT: Your bank account has been suspended! Verify identity immediately within 24 hours: http://bank-verify.info,1
"Dear Customer, your card has been charged $499.99 for order #87958. If not you, call support immediately or visit http://cancel-order.top",1
"You won a $1,000 Amazon Gift Card! Claim your free reward today: http://claim-giftcard.xyz",1
"Dear Customer, your card has been charged $499.99 for order #92872. If not you, call support immediately or visit http://cancel-order.top",1
Happy Birthday Alex! Wishing you a fantastic day and great year ahead.,0
"Hey, are we still meeting for lunch today? Let me know!",0
"Hi John, your package delivery is scheduled for tomorrow between 2 PM and 4 PM.",0
Congratulations! You were selected to receive 0.5 BTC reward. Claim your prize immediately: http://bit-claim.org,1
Congratulations! You were selected to receive 0.5 BTC reward. Claim your prize immediately: http://bit-claim.org,1
Hey! Don't forget our meeting today at 3:00 PM in Conference Room B.,0
"ACT NOW! You have an unclaimed tax refund of $1,250. Click here to submit details: http://irs-refund-claim.com",1
"ACT NOW! You have an unclaimed tax refund of $1,250. Click here to submit details: http://irs-refund-claim.com",1
FINAL WARNING: Your parcel delivery failed due to unpaid customs fee of $2.99. Pay now: http://postal-fee.org,1
Your appointment with Dr. Smith is confirmed for Friday at 10 AM.,0
SECURITY ALERT: Unauthorized login detected on your account. Tap here to lock account: http://secure-auth.net,1
"Hi Alex, your package delivery is scheduled for tomorrow between 2 PM and 4 PM.",0
FINAL WARNING: Your parcel delivery failed due to unpaid customs fee of $2.99. Pay now: http://postal-fee.org,1
"You won a $1,000 Amazon Gift Card! Claim your free reward today: http://claim-giftcard.xyz",1
Your appointment with Dr. Smith is confirmed for Friday at 10 AM.,0
"Dear Customer, your card has been charged $499.99 for order #73971. If not you, call support immediately or visit http://cancel-order.top",1
FINAL WARNING: Your parcel delivery failed due to unpaid customs fee of $2.99. Pay now: http://postal-fee.org,1
Hey! Don't forget our meeting today at 3:00 PM in Conference Room B.,0
"You won a $1,000 Amazon Gift Card! Claim your free reward today: http://claim-giftcard.xyz",1
Hey! Don't forget our meeting today at 3:00 PM in Conference Room B.,0
"You won a $1,000 Amazon Gift Card! Claim your free reward today: http://claim-giftcard.xyz",1
URGENT: Your bank account has been suspended! Verify identity immediately within 24 hours: http://bank-verify.info,1
Immediate action required! Your social security number has been compromised. Verify identity now: http://ssn-verify.info,1
"Hey, are we still meeting for lunch today? Let me know!",0
Your appointment with Dr. Smith is confirmed for Friday at 10 AM.,0
Immediate action required! Your social security number has been compromised. Verify identity now: http://ssn-verify.info,1
"ACT NOW! You have an unclaimed tax refund of $1,250. Click here to submit details: http://irs-refund-claim.com",1
SECURITY ALERT: Unauthorized login detected on your account. Tap here to lock account: http://secure-auth.net,1
Your appointment with Dr. Smith is confirmed for Friday at 10 AM.,0
Your weekly account summary is ready to view in the banking app.,0
"Hi Jessica, your package delivery is scheduled for tomorrow between 2 PM and 4 PM.",0
Hey! Don't forget our meeting today at 3:00 PM in Conference Room B.,0
Can you please review the attached document and send me your feedback?,0
"Hi David, your package delivery is scheduled for tomorrow between 2 PM and 4 PM.",0
"Hey, are we still meeting for lunch today? Let me know!",0
"ACT NOW! You have an unclaimed tax refund of $1,250. Click here to submit details: http://irs-refund-claim.com",1
Your weekly account summary is ready to view in the banking app.,0
URGENT: Your bank account has been suspended! Verify identity immediately within 24 hours: http://bank-verify.info,1
SECURITY ALERT: Unauthorized login detected on your account. Tap here to lock account: http://secure-auth.net,1
"ACT NOW! You have an unclaimed tax refund of $1,250. Click here to submit details: http://irs-refund-claim.com",1
SECURITY ALERT: Unauthorized login detected on your account. Tap here to lock account: http://secure-auth.net,1
"Dear Customer, your card has been charged $499.99 for order #86937. If not you, call support immediately or visit http://cancel-order.top",1
"Hi Alex, your package delivery is scheduled for tomorrow between 2 PM and 4 PM.",0
Your appointment with Dr. Smith is confirmed for Friday at 10 AM.,0
"You won a $1,000 Amazon Gift Card! Claim your free reward today: http://claim-giftcard.xyz",1
Happy Birthday David! Wishing you a fantastic day and great year ahead.,0
Can you please review the attached document and send me your feedback?,0
Thanks for visiting our store! Here is your digital receipt for purchase #1625.,0
"You won a $1,000 Amazon Gift Card! Claim your free reward today: http://claim-giftcard.xyz",1
Hey! Don't forget our meeting today at 3:00 PM in Conference Room B.,0
Immediate action required! Your social security number has been compromised. Verify identity now: http://ssn-verify.info,1
FINAL WARNING: Your parcel delivery failed due to unpaid customs fee of $2.99. Pay now: http://postal-fee.org,1
"Hi Daniel, your package delivery is scheduled for tomorrow between 2 PM and 4 PM.",0
Your appointment with Dr. Smith is confirmed for Friday at 10 AM.,0
URGENT: Your bank account has been suspended! Verify identity immediately within 24 hours: http://bank-verify.info,1
"ACT NOW! You have an unclaimed tax refund of $1,250. Click here to submit details: http://irs-refund-claim.com",1
Your appointment with Dr. Smith is confirmed for Friday at 10 AM.,0
"You won a $1,000 Amazon Gift Card! Claim your free reward today: http://claim-giftcard.xyz",1
"You won a $1,000 Amazon Gift Card! Claim your free reward today: http://claim-giftcard.xyz",1
"Dear Customer, your card has been charged $499.99 for order #66702. If not you, call support immediately or visit http://cancel-order.top",1
URGENT: Your bank account has been suspended! Verify identity immediately within 24 hours: http://bank-verify.info,1
Thanks for visiting our store! Here is your digital receipt for purchase #3559.,0
Happy Birthday Emily! Wishing you a fantastic day and great year ahead.,0
Congratulations! You were selected to receive 0.5 BTC reward. Claim your prize immediately: http://bit-claim.org,1
Hey! Don't forget our meeting today at 3:00 PM in Conference Room B.,0
Thanks for visiting our store! Here is your digital receipt for purchase #9185.,0
Thanks for visiting our store! Here is your digital receipt for purchase #7218.,0
Thanks for visiting our store! Here is your digital receipt for purchase #7352.,0
URGENT: Your bank account has been suspended! Verify identity immediately within 24 hours: http://bank-verify.info,1
Your appointment with Dr. Smith is confirmed for Friday at 10 AM.,0
URGENT: Your bank account has been suspended! Verify identity immediately within 24 hours: http://bank-verify.info,1
Hey! Don't forget our meeting today at 3:00 PM in Conference Room B.,0
"You won a $1,000 Amazon Gift Card! Claim your free reward today: http://claim-giftcard.xyz",1
Happy Birthday Daniel! Wishing you a fantastic day and great year ahead.,0
Hey! Don't forget our meeting today at 3:00 PM in Conference Room B.,0
Your weekly account summary is ready to view in the banking app.,0
"You won a $1,000 Amazon Gift Card! Claim your free reward today: http://claim-giftcard.xyz",1
SECURITY ALERT: Unauthorized login detected on your account. Tap here to lock account: http://secure-auth.net,1
Your weekly account summary is ready to view in the banking app.,0
"Hi Emily, your package delivery is scheduled for tomorrow between 2 PM and 4 PM.",0
"ACT NOW! You have an unclaimed tax refund of $1,250. Click here to submit details: http://irs-refund-claim.com",1
"Dear Customer, your card has been charged $499.99 for order #45629. If not you, call support immediately or visit http://cancel-order.top",1
Congratulations! You were selected to receive 0.5 BTC reward. Claim your prize immediately: http://bit-claim.org,1
"You won a $1,000 Amazon Gift Card! Claim your free reward today: http://claim-giftcard.xyz",1
"ACT NOW! You have an unclaimed tax refund of $1,250. Click here to submit details: http://irs-refund-claim.com",1
Happy Birthday David! Wishing you a fantastic day and great year ahead.,0
"Hey, are we still meeting for lunch today? Let me know!",0
Thanks for visiting our store! Here is your digital receipt for purchase #5713.,0
Happy Birthday Jessica! Wishing you a fantastic day and great year ahead.,0
"You won a $1,000 Amazon Gift Card! Claim your free reward today: http://claim-giftcard.xyz",1
"Hey, are we still meeting for lunch today? Let me know!",0
Immediate action required! Your social security number has been compromised. Verify identity now: http://ssn-verify.info,1
"Hi John, your package delivery is scheduled for tomorrow between 2 PM and 4 PM.",0
Hey! Don't forget our meeting today at 3:00 PM in Conference Room B.,0
Immediate action required! Your social security number has been compromised. Verify identity now: http://ssn-verify.info,1
Your appointment with Dr. Smith is confirmed for Friday at 10 AM.,0
"ACT NOW! You have an unclaimed tax refund of $1,250. Click here to submit details: http://irs-refund-claim.com",1
Your weekly account summary is ready to view in the banking app.,0
Your appointment with Dr. Smith is confirmed for Friday at 10 AM.,0
"Hi Michael, your package delivery is scheduled for tomorrow between 2 PM and 4 PM.",0
SECURITY ALERT: Unauthorized login detected on your account. Tap here to lock account: http://secure-auth.net,1
FINAL WARNING: Your parcel delivery failed due to unpaid customs fee of $2.99. Pay now: http://postal-fee.org,1
Your weekly account summary is ready to view in the banking app.,0
Happy Birthday Sarah! Wishing you a fantastic day and great year ahead.,0
Happy Birthday Daniel! Wishing you a fantastic day and great year ahead.,0
"ACT NOW! You have an unclaimed tax refund of $1,250. Click here to submit details: http://irs-refund-claim.com",1
Happy Birthday Alex! Wishing you a fantastic day and great year ahead.,0
Can you please review the attached document and send me your feedback?,0
SECURITY ALERT: Unauthorized login detected on your account. Tap here to lock account: http://secure-auth.net,1
Happy Birthday John! Wishing you a fantastic day and great year ahead.,0
Thanks for visiting our store! Here is your digital receipt for purchase #5243.,0
"Dear Customer, your card has been charged $499.99 for order #96989. If not you, call support immediately or visit http://cancel-order.top",1
Your weekly account summary is ready to view in the banking app.,0
FINAL WARNING: Your parcel delivery failed due to unpaid customs fee of $2.99. Pay now: http://postal-fee.org,1
Your appointment with Dr. Smith is confirmed for Friday at 10 AM.,0
"Dear Customer, your card has been charged $499.99 for order #75272. If not you, call support immediately or visit http://cancel-order.top",1
Congratulations! You were selected to receive 0.5 BTC reward. Claim your prize immediately: http://bit-claim.org,1
Your appointment with Dr. Smith is confirmed for Friday at 10 AM.,0
"Dear Customer, your card has been charged $499.99 for order #29743. If not you, call support immediately or visit http://cancel-order.top",1
Hey! Don't forget our meeting today at 3:00 PM in Conference Room B.,0
"You won a $1,000 Amazon Gift Card! Claim your free reward today: http://claim-giftcard.xyz",1
Happy Birthday John! Wishing you a fantastic day and great year ahead.,0
SECURITY ALERT: Unauthorized login detected on your account. Tap here to lock account: http://secure-auth.net,1
Hey! Don't forget our meeting today at 3:00 PM in Conference Room B.,0
"Hi Emily, your package delivery is scheduled for tomorrow between 2 PM and 4 PM.",0
Immediate action required! Your social security number has been compromised. Verify identity now: http://ssn-verify.info,1
SECURITY ALERT: Unauthorized login detected on your account. Tap here to lock account: http://secure-auth.net,1
Immediate action required! Your social security number has been compromised. Verify identity now: http://ssn-verify.info,1
Hey! Don't forget our meeting today at 3:00 PM in Conference Room B.,0
SECURITY ALERT: Unauthorized login detected on your account. Tap here to lock account: http://secure-auth.net,1
Immediate action required! Your social security number has been compromised. Verify identity now: http://ssn-verify.info,1
Can you please review the attached document and send me your feedback?,0
SECURITY ALERT: Unauthorized login detected on your account. Tap here to lock account: http://secure-auth.net,1
"Dear Customer, your card has been charged $499.99 for order #20800. If not you, call support immediately or visit http://cancel-order.top",1
FINAL WARNING: Your parcel delivery failed due to unpaid customs fee of $2.99. Pay now: http://postal-fee.org,1
SECURITY ALERT: Unauthorized login detected on your account. Tap here to lock account: http://secure-auth.net,1
URGENT: Your bank account has been suspended! Verify identity immediately within 24 hours: http://bank-verify.info,1
Hey! Don't forget our meeting today at 3:00 PM in Conference Room B.,0
"Dear Customer, your card has been charged $499.99 for order #65203. If not you, call support immediately or visit http://cancel-order.top",1
FINAL WARNING: Your parcel delivery failed due to unpaid customs fee of $2.99. Pay now: http://postal-fee.org,1
"Dear Customer, your card has been charged $499.99 for order #46553. If not you, call support immediately or visit http://cancel-order.top",1
Your weekly account summary is ready to view in the banking app.,0
Hey! Don't forget our meeting today at 3:00 PM in Conference Room B.,0
FINAL WARNING: Your parcel delivery failed due to unpaid customs fee of $2.99. Pay now: http://postal-fee.org,1
"ACT NOW! You have an unclaimed tax refund of $1,250. Click here to submit details: http://irs-refund-claim.com",1
"You won a $1,000 Amazon Gift Card! Claim your free reward today: http://claim-giftcard.xyz",1
Your weekly account summary is ready to view in the banking app.,0
"You won a $1,000 Amazon Gift Card! Claim your free reward today: http://claim-giftcard.xyz",1
Your appointment with Dr. Smith is confirmed for Friday at 10 AM.,0
Can you please review the attached document and send me your feedback?,0
"ACT NOW! You have an unclaimed tax refund of $1,250. Click here to submit details: http://irs-refund-claim.com",1
"Hi Sarah, your package delivery is scheduled for tomorrow between 2 PM and 4 PM.",0
Thanks for visiting our store! Here is your digital receipt for purchase #6905.,0
FINAL WARNING: Your parcel delivery failed due to unpaid customs fee of $2.99. Pay now: http://postal-fee.org,1
Your appointment with Dr. Smith is confirmed for Friday at 10 AM.,0
Immediate action required! Your social security number has been compromised. Verify identity now: http://ssn-verify.info,1
Congratulations! You were selected to receive 0.5 BTC reward. Claim your prize immediately: http://bit-claim.org,1
Your weekly account summary is ready to view in the banking app.,0
Your weekly account summary is ready to view in the banking app.,0
"Hi Daniel, your package delivery is scheduled for tomorrow between 2 PM and 4 PM.",0
Your appointment with Dr. Smith is confirmed for Friday at 10 AM.,0
"You won a $1,000 Amazon Gift Card! Claim your free reward today: http://claim-giftcard.xyz",1
"Hi Emily, your package delivery is scheduled for tomorrow between 2 PM and 4 PM.",0
Your weekly account summary is ready to view in the banking app.,0
"ACT NOW! You have an unclaimed tax refund of $1,250. Click here to submit details: http://irs-refund-claim.com",1
"ACT NOW! You have an unclaimed tax refund of $1,250. Click here to submit details: http://irs-refund-claim.com",1
"ACT NOW! You have an unclaimed tax refund of $1,250. Click here to submit details: http://irs-refund-claim.com",1
"You won a $1,000 Amazon Gift Card! Claim your free reward today: http://claim-giftcard.xyz",1
Your weekly account summary is ready to view in the banking app.,0
"Hey, are we still meeting for lunch today? Let me know!",0
Thanks for visiting our store! Here is your digital receipt for purchase #9496.,0
"You won a $1,000 Amazon Gift Card! Claim your free reward today: http://claim-giftcard.xyz",1
Your weekly account summary is ready to view in the banking app.,0
"Hey, are we still meeting for lunch today? Let me know!",0
SECURITY ALERT: Unauthorized login detected on your account. Tap here to lock account: http://secure-auth.net,1
Your weekly account summary is ready to view in the banking app.,0
Can you please review the attached document and send me your feedback?,0
Thanks for visiting our store! Here is your digital receipt for purchase #6806.,0
"You won a $1,000 Amazon Gift Card! Claim your free reward today: http://claim-giftcard.xyz",1
Congratulations! You were selected to receive 0.5 BTC reward. Claim your prize immediately: http://bit-claim.org,1
Immediate action required! Your social security number has been compromised. Verify identity now: http://ssn-verify.info,1
Happy Birthday Daniel! Wishing you a fantastic day and great year ahead.,0
Can you please review the attached document and send me your feedback?,0
Your appointment with Dr. Smith is confirmed for Friday at 10 AM.,0
Your appointment with Dr. Smith is confirmed for Friday at 10 AM.,0
FINAL WARNING: Your parcel delivery failed due to unpaid customs fee of $2.99. Pay now: http://postal-fee.org,1
Immediate action required! Your social security number has been compromised. Verify identity now: http://ssn-verify.info,1
"Dear Customer, your card has been charged $499.99 for order #26546. If not you, call support immediately or visit http://cancel-order.top",1
"Hey, are we still meeting for lunch today? Let me know!",0
Your weekly account summary is ready to view in the banking app.,0
"ACT NOW! You have an unclaimed tax refund of $1,250. Click here to submit details: http://irs-refund-claim.com",1
URGENT: Your bank account has been suspended! Verify identity immediately within 24 hours: http://bank-verify.info,1
Thanks for visiting our store! Here is your digital receipt for purchase #7113.,0
Thanks for visiting our store! Here is your digital receipt for purchase #2657.,0
Your weekly account summary is ready to view in the banking app.,0
Congratulations! You were selected to receive 0.5 BTC reward. Claim your prize immediately: http://bit-claim.org,1
SECURITY ALERT: Unauthorized login detected on your account. Tap here to lock account: http://secure-auth.net,1
Hey! Don't forget our meeting today at 3:00 PM in Conference Room B.,0
URGENT: Your bank account has been suspended! Verify identity immediately within 24 hours: http://bank-verify.info,1
Happy Birthday Michael! Wishing you a fantastic day and great year ahead.,0
"Hi John, your package delivery is scheduled for tomorrow between 2 PM and 4 PM.",0
"Hey, are we still meeting for lunch today? Let me know!",0
Can you please review the attached document and send me your feedback?,0
"Hey, are we still meeting for lunch today? Let me know!",0
SECURITY ALERT: Unauthorized login detected on your account. Tap here to lock account: http://secure-auth.net,1
"Dear Customer, your card has been charged $499.99 for order #79088. If not you, call support immediately or visit http://cancel-order.top",1
Your appointment with Dr. Smith is confirmed for Friday at 10 AM.,0
Hey! Don't forget our meeting today at 3:00 PM in Conference Room B.,0
Your appointment with Dr. Smith is confirmed for Friday at 10 AM.,0
Your appointment with Dr. Smith is confirmed for Friday at 10 AM.,0
SECURITY ALERT: Unauthorized login detected on your account. Tap here to lock account: http://secure-auth.net,1
FINAL WARNING: Your parcel delivery failed due to unpaid customs fee of $2.99. Pay now: http://postal-fee.org,1
Immediate action required! Your social security number has been compromised. Verify identity now: http://ssn-verify.info,1
"Hi John, your package delivery is scheduled for tomorrow between 2 PM and 4 PM.",0
Your appointment with Dr. Smith is confirmed for Friday at 10 AM.,0
Your weekly account summary is ready to view in the banking app.,0
"You won a $1,000 Amazon Gift Card! Claim your free reward today: http://claim-giftcard.xyz",1
URGENT: Your bank account has been suspended! Verify identity immediately within 24 hours: http://bank-verify.info,1
Thanks for visiting our store! Here is your digital receipt for purchase #5167.,0
"Dear Customer, your card has been charged $499.99 for order #81950. If not you, call support immediately or visit http://cancel-order.top",1
URGENT: Your bank account has been suspended! Verify identity immediately within 24 hours: http://bank-verify.info,1
Immediate action required! Your social security number has been compromised. Verify identity now: http://ssn-verify.info,1
FINAL WARNING: Your parcel delivery failed due to unpaid customs fee of $2.99. Pay now: http://postal-fee.org,1
"You won a $1,000 Amazon Gift Card! Claim your free reward today: http://claim-giftcard.xyz",1
"Hi Sarah, your package delivery is scheduled for tomorrow between 2 PM and 4 PM.",0
Your weekly account summary is ready to view in the banking app.,0
FINAL WARNING: Your parcel delivery failed due to unpaid customs fee of $2.99. Pay now: http://postal-fee.org,1
FINAL WARNING: Your parcel delivery failed due to unpaid customs fee of $2.99. Pay now: http://postal-fee.org,1
Congratulations! You were selected to receive 0.5 BTC reward. Claim your prize immediately: http://bit-claim.org,1
Your appointment with Dr. Smith is confirmed for Friday at 10 AM.,0
Thanks for visiting our store! Here is your digital receipt for purchase #1206.,0
"Dear Customer, your card has been charged $499.99 for order #59999. If not you, call support immediately or visit http://cancel-order.top",1
"You won a $1,000 Amazon Gift Card! Claim your free reward today: http://claim-giftcard.xyz",1
Immediate action required! Your social security number has been compromised. Verify identity now: http://ssn-verify.info,1
"ACT NOW! You have an unclaimed tax refund of $1,250. Click here to submit details: http://irs-refund-claim.com",1
"Hi Jessica, your package delivery is scheduled for tomorrow between 2 PM and 4 PM.",0
Your appointment with Dr. Smith is confirmed for Friday at 10 AM.,0
"ACT NOW! You have an unclaimed tax refund of $1,250. Click here to submit details: http://irs-refund-claim.com",1
Immediate action required! Your social security number has been compromised. Verify identity now: http://ssn-verify.info,1
"You won a $1,000 Amazon Gift Card! Claim your free reward today: http://claim-giftcard.xyz",1
Thanks for visiting our store! Here is your digital receipt for purchase #6456.,0
"ACT NOW! You have an unclaimed tax refund of $1,250. Click here to submit details: http://irs-refund-claim.com",1
Congratulations! You were selected to receive 0.5 BTC reward. Claim your prize immediately: http://bit-claim.org,1
Thanks for visiting our store! Here is your digital receipt for purchase #4003.,0
Your weekly account summary is ready to view in the banking app.,0
Thanks for visiting our store! Here is your digital receipt for purchase #2915.,0
"Hi Jessica, your package delivery is scheduled for tomorrow between 2 PM and 4 PM.",0
Your weekly account summary is ready to view in the banking app.,0
Your weekly account summary is ready to view in the banking app.,0
Your weekly account summary is ready to view in the banking app.,0
"Dear Customer, your card has been charged $499.99 for order #34094. If not you, call support immediately or visit http://cancel-order.top",1
Hey! Don't forget our meeting today at 3:00 PM in Conference Room B.,0
Can you please review the attached document and send me your feedback?,0
Your appointment with Dr. Smith is confirmed for Friday at 10 AM.,0
"Dear Customer, your card has been charged $499.99 for order #61217. If not you, call support immediately or visit http://cancel-order.top",1
"Dear Customer, your card has been charged $499.99 for order #97224. If not you, call support immediately or visit http://cancel-order.top",1
Can you please review the attached document and send me your feedback?,0
SECURITY ALERT: Unauthorized login detected on your account. Tap here to lock account: http://secure-auth.net,1
"You won a $1,000 Amazon Gift Card! Claim your free reward today: http://claim-giftcard.xyz",1
URGENT: Your bank account has been suspended! Verify identity immediately within 24 hours: http://bank-verify.info,1
Immediate action required! Your social security number has been compromised. Verify identity now: http://ssn-verify.info,1
Immediate action required! Your social security number has been compromised. Verify identity now: http://ssn-verify.info,1
"Hey, are we still meeting for lunch today? Let me know!",0
Congratulations! You were selected to receive 0.5 BTC reward. Claim your prize immediately: http://bit-claim.org,1
"Dear Customer, your card has been charged $499.99 for order #88288. If not you, call support immediately or visit http://cancel-order.top",1
"Hi Michael, your package delivery is scheduled for tomorrow between 2 PM and 4 PM.",0
"You won a $1,000 Amazon Gift Card! Claim your free reward today: http://claim-giftcard.xyz",1
"Hi Michael, your package delivery is scheduled for tomorrow between 2 PM and 4 PM.",0
Thanks for visiting our store! Here is your digital receipt for purchase #9708.,0
"Hi Sarah, your package delivery is scheduled for tomorrow between 2 PM and 4 PM.",0
"Hey, are we still meeting for lunch today? Let me know!",0
Your weekly account summary is ready to view in the banking app.,0
Your weekly account summary is ready to view in the banking app.,0
Immediate action required! Your social security number has been compromised. Verify identity now: http://ssn-verify.info,1
URGENT: Your bank account has been suspended! Verify identity immediately within 24 hours: http://bank-verify.info,1
Can you please review the attached document and send me your feedback?,0
Your appointment with Dr. Smith is confirmed for Friday at 10 AM.,0
Thanks for visiting our store! Here is your digital receipt for purchase #8647.,0
Can you please review the attached document and send me your feedback?,0
Congratulations! You were selected to receive 0.5 BTC reward. Claim your prize immediately: http://bit-claim.org,1
Hey! Don't forget our meeting today at 3:00 PM in Conference Room B.,0
Hey! Don't forget our meeting today at 3:00 PM in Conference Room B.,0
"You won a $1,000 Amazon Gift Card! Claim your free reward today: http://claim-giftcard.xyz",1
"Hi Alex, your package delivery is scheduled for tomorrow between 2 PM and 4 PM.",0
Immediate action required! Your social security number has been compromised. Verify identity now: http://ssn-verify.info,1
Hey! Don't forget our meeting today at 3:00 PM in Conference Room B.,0
Your weekly account summary is ready to view in the banking app.,0
URGENT: Your bank account has been suspended! Verify identity immediately within 24 hours: http://bank-verify.info,1
"Dear Customer, your card has been charged $499.99 for order #88523. If not you, call support immediately or visit http://cancel-order.top",1
FINAL WARNING: Your parcel delivery failed due to unpaid customs fee of $2.99. Pay now: http://postal-fee.org,1
Can you please review the attached document and send me your feedback?,0
Immediate action required! Your social security number has been compromised. Verify identity now: http://ssn-verify.info,1
Your weekly account summary is ready to view in the banking app.,0
"You won a $1,000 Amazon Gift Card! Claim your free reward today: http://claim-giftcard.xyz",1
Your appointment with Dr. Smith is confirmed for Friday at 10 AM.,0
"You won a $1,000 Amazon Gift Card! Claim your free reward today: http://claim-giftcard.xyz",1
Your appointment with Dr. Smith is confirmed for Friday at 10 AM.,0
Your weekly account summary is ready to view in the banking app.,0
Your appointment with Dr. Smith is confirmed for Friday at 10 AM.,0
Immediate action required! Your social security number has been compromised. Verify identity now: http://ssn-verify.info,1
Congratulations! You were selected to receive 0.5 BTC reward. Claim your prize immediately: http://bit-claim.org,1
FINAL WARNING: Your parcel delivery failed due to unpaid customs fee of $2.99. Pay now: http://postal-fee.org,1
Hey! Don't forget our meeting today at 3:00 PM in Conference Room B.,0
SECURITY ALERT: Unauthorized login detected on your account. Tap here to lock account: http://secure-auth.net,1
URGENT: Your bank account has been suspended! Verify identity immediately within 24 hours: http://bank-verify.info,1
URGENT: Your bank account has been suspended! Verify identity immediately within 24 hours: http://bank-verify.info,1
URGENT: Your bank account has been suspended! Verify identity immediately within 24 hours: http://bank-verify.info,1
"ACT NOW! You have an unclaimed tax refund of $1,250. Click here to submit details: http://irs-refund-claim.com",1
SECURITY ALERT: Unauthorized login detected on your account. Tap here to lock account: http://secure-auth.net,1
URGENT: Your bank account has been suspended! Verify identity immediately within 24 hours: http://bank-verify.info,1
Your appointment with Dr. Smith is confirmed for Friday at 10 AM.,0
URGENT: Your bank account has been suspended! Verify identity immediately within 24 hours: http://bank-verify.info,1
Immediate action required! Your social security number has been compromised. Verify identity now: http://ssn-verify.info,1
"ACT NOW! You have an unclaimed tax refund of $1,250. Click here to submit details: http://irs-refund-claim.com",1
FINAL WARNING: Your parcel delivery failed due to unpaid customs fee of $2.99. Pay now: http://postal-fee.org,1
"Hey, are we still meeting for lunch today? Let me know!",0
Immediate action required! Your social security number has been compromised. Verify identity now: http://ssn-verify.info,1
"You won a $1,000 Amazon Gift Card! Claim your free reward today: http://claim-giftcard.xyz",1
Your appointment with Dr. Smith is confirmed for Friday at 10 AM.,0
"ACT NOW! You have an unclaimed tax refund of $1,250. Click here to submit details: http://irs-refund-claim.com",1
Happy Birthday Alex! Wishing you a fantastic day and great year ahead.,0
SECURITY ALERT: Unauthorized login detected on your account. Tap here to lock account: http://secure-auth.net,1
"Hey, are we still meeting for lunch today? Let me know!",0
Congratulations! You were selected to receive 0.5 BTC reward. Claim your prize immediately: http://bit-claim.org,1
Your appointment with Dr. Smith is confirmed for Friday at 10 AM.,0
Congratulations! You were selected to receive 0.5 BTC reward. Claim your prize immediately: http://bit-claim.org,1
"Hey, are we still meeting for lunch today? Let me know!",0
"Hi John, your package delivery is scheduled for tomorrow between 2 PM and 4 PM.",0
Your weekly account summary is ready to view in the banking app.,0
"You won a $1,000 Amazon Gift Card! Claim your free reward today: http://claim-giftcard.xyz",1
Can you please review the attached document and send me your feedback?,0
Your appointment with Dr. Smith is confirmed for Friday at 10 AM.,0
Happy Birthday Sarah! Wishing you a fantastic day and great year ahead.,0
SECURITY ALERT: Unauthorized login detected on your account. Tap here to lock account: http://secure-auth.net,1
"Hey, are we still meeting for lunch today? Let me know!",0
SECURITY ALERT: Unauthorized login detected on your account. Tap here to lock account: http://secure-auth.net,1
Thanks for visiting our store! Here is your digital receipt for purchase #6939.,0
"ACT NOW! You have an unclaimed tax refund of $1,250. Click here to submit details: http://irs-refund-claim.com",1
SECURITY ALERT: Unauthorized login detected on your account. Tap here to lock account: http://secure-auth.net,1
SECURITY ALERT: Unauthorized login detected on your account. Tap here to lock account: http://secure-auth.net,1
"ACT NOW! You have an unclaimed tax refund of $1,250. Click here to submit details: http://irs-refund-claim.com",1
"Hey, are we still meeting for lunch today? Let me know!",0
Congratulations! You were selected to receive 0.5 BTC reward. Claim your prize immediately: http://bit-claim.org,1
SECURITY ALERT: Unauthorized login detected on your account. Tap here to lock account: http://secure-auth.net,1
"Hi John, your package delivery is scheduled for tomorrow between 2 PM and 4 PM.",0
"Hi Daniel, your package delivery is scheduled for tomorrow between 2 PM and 4 PM.",0
Your weekly account summary is ready to view in the banking app.,0
"Hi Michael, your package delivery is scheduled for tomorrow between 2 PM and 4 PM.",0
"Hey, are we still meeting for lunch today? Let me know!",0
"Dear Customer, your card has been charged $499.99 for order #60536. If not you, call support immediately or visit http://cancel-order.top",1
"ACT NOW! You have an unclaimed tax refund of $1,250. Click here to submit details: http://irs-refund-claim.com",1
Your weekly account summary is ready to view in the banking app.,0
Your appointment with Dr. Smith is confirmed for Friday at 10 AM.,0
Can you please review the attached document and send me your feedback?,0
"ACT NOW! You have an unclaimed tax refund of $1,250. Click here to submit details: http://irs-refund-claim.com",1
Congratulations! You were selected to receive 0.5 BTC reward. Claim your prize immediately: http://bit-claim.org,1
Hey! Don't forget our meeting today at 3:00 PM in Conference Room B.,0
"Hey, are we still meeting for lunch today? Let me know!",0
Happy Birthday David! Wishing you a fantastic day and great year ahead.,0
"Dear Customer, your card has been charged $499.99 for order #15547. If not you, call support immediately or visit http://cancel-order.top",1
Your weekly account summary is ready to view in the banking app.,0
Your weekly account summary is ready to view in the banking app.,0
Hey! Don't forget our meeting today at 3:00 PM in Conference Room B.,0
"ACT NOW! You have an unclaimed tax refund of $1,250. Click here to submit details: http://irs-refund-claim.com",1
Happy Birthday Alex! Wishing you a fantastic day and great year ahead.,0
"Hey, are we still meeting for lunch today? Let me know!",0
Thanks for visiting our store! Here is your digital receipt for purchase #9732.,0
"Dear Customer, your card has been charged $499.99 for order #16461. If not you, call support immediately or visit http://cancel-order.top",1
Your appointment with Dr. Smith is confirmed for Friday at 10 AM.,0
Your weekly account summary is ready to view in the banking app.,0
"Dear Customer, your card has been charged $499.99 for order #42717. If not you, call support immediately or visit http://cancel-order.top",1
Can you please review the attached document and send me your feedback?,0
Can you please review the attached document and send me your feedback?,0
"You won a $1,000 Amazon Gift Card! Claim your free reward today: http://claim-giftcard.xyz",1
Your appointment with Dr. Smith is confirmed for Friday at 10 AM.,0
SECURITY ALERT: Unauthorized login detected on your account. Tap here to lock account: http://secure-auth.net,1
Congratulations! You were selected to receive 0.5 BTC reward. Claim your prize immediately: http://bit-claim.org,1
FINAL WARNING: Your parcel delivery failed due to unpaid customs fee of $2.99. Pay now: http://postal-fee.org,1
FINAL WARNING: Your parcel delivery failed due to unpaid customs fee of $2.99. Pay now: http://postal-fee.org,1
"You won a $1,000 Amazon Gift Card! Claim your free reward today: http://claim-giftcard.xyz",1
Congratulations! You were selected to receive 0.5 BTC reward. Claim your prize immediately: http://bit-claim.org,1
"Hi Alex, your package delivery is scheduled for tomorrow between 2 PM and 4 PM.",0
"Dear Customer, your card has been charged $499.99 for order #55908. If not you, call support immediately or visit http://cancel-order.top",1
Happy Birthday John! Wishing you a fantastic day and great year ahead.,0
Hey! Don't forget our meeting today at 3:00 PM in Conference Room B.,0
Thanks for visiting our store! Here is your digital receipt for purchase #5104.,0
FINAL WARNING: Your parcel delivery failed due to unpaid customs fee of $2.99. Pay now: http://postal-fee.org,1
FINAL WARNING: Your parcel delivery failed due to unpaid customs fee of $2.99. Pay now: http://postal-fee.org,1
SECURITY ALERT: Unauthorized login detected on your account. Tap here to lock account: http://secure-auth.net,1
"You won a $1,000 Amazon Gift Card! Claim your free reward today: http://claim-giftcard.xyz",1
"ACT NOW! You have an unclaimed tax refund of $1,250. Click here to submit details: http://irs-refund-claim.com",1
Your weekly account summary is ready to view in the banking app.,0
"Dear Customer, your card has been charged $499.99 for order #50295. If not you, call support immediately or visit http://cancel-order.top",1
Hey! Don't forget our meeting today at 3:00 PM in Conference Room B.,0
Happy Birthday David! Wishing you a fantastic day and great year ahead.,0
"ACT NOW! You have an unclaimed tax refund of $1,250. Click here to submit details: http://irs-refund-claim.com",1
Congratulations! You were selected to receive 0.5 BTC reward. Claim your prize immediately: http://bit-claim.org,1
Congratulations! You were selected to receive 0.5 BTC reward. Claim your prize immediately: http://bit-claim.org,1
"Hey, are we still meeting for lunch today? Let me know!",0
Thanks for visiting our store! Here is your digital receipt for purchase #6584.,0
Immediate action required! Your social security number has been compromised. Verify identity now: http://ssn-verify.info,1
"Hi Sarah, your package delivery is scheduled for tomorrow between 2 PM and 4 PM.",0
URGENT: Your bank account has been suspended! Verify identity immediately within 24 hours: http://bank-verify.info,1
Congratulations! You were selected to receive 0.5 BTC reward. Claim your prize immediately: http://bit-claim.org,1
Happy Birthday Daniel! Wishing you a fantastic day and great year ahead.,0
"Hey, are we still meeting for lunch today? Let me know!",0
"Hi Michael, your package delivery is scheduled for tomorrow between 2 PM and 4 PM.",0
"ACT NOW! You have an unclaimed tax refund of $1,250. Click here to submit details: http://irs-refund-claim.com",1
SECURITY ALERT: Unauthorized login detected on your account. Tap here to lock account: http://secure-auth.net,1
"Hi Emily, your package delivery is scheduled for tomorrow between 2 PM and 4 PM.",0
Happy Birthday Michael! Wishing you a fantastic day and great year ahead.,0
"Hi John, your package delivery is scheduled for tomorrow between 2 PM and 4 PM.",0
Can you please review the attached document and send me your feedback?,0
"ACT NOW! You have an unclaimed tax refund of $1,250. Click here to submit details: http://irs-refund-claim.com",1
SECURITY ALERT: Unauthorized login detected on your account. Tap here to lock account: http://secure-auth.net,1
Immediate action required! Your social security number has been compromised. Verify identity now: http://ssn-verify.info,1
"Hi Emily, your package delivery is scheduled for tomorrow between 2 PM and 4 PM.",0
"Dear Customer, your card has been charged $499.99 for order #42851. If not you, call support immediately or visit http://cancel-order.top",1
Thanks for visiting our store! Here is your digital receipt for purchase #5831.,0
Your appointment with Dr. Smith is confirmed for Friday at 10 AM.,0
Immediate action required! Your social security number has been compromised. Verify identity now: http://ssn-verify.info,1
"Hi Sarah, your package delivery is scheduled for tomorrow between 2 PM and 4 PM.",0
URGENT: Your bank account has been suspended! Verify identity immediately within 24 hours: http://bank-verify.info,1
Can you please review the attached document and send me your feedback?,0
Can you please review the attached document and send me your feedback?,0
"You won a $1,000 Amazon Gift Card! Claim your free reward today: http://claim-giftcard.xyz",1
Happy Birthday Emily! Wishing you a fantastic day and great year ahead.,0
Immediate action required! Your social security number has been compromised. Verify identity now: http://ssn-verify.info,1
Can you please review the attached document and send me your feedback?,0
Hey! Don't forget our meeting today at 3:00 PM in Conference Room B.,0
URGENT: Your bank account has been suspended! Verify identity immediately within 24 hours: http://bank-verify.info,1
Your appointment with Dr. Smith is confirmed for Friday at 10 AM.,0
Thanks for visiting our store! Here is your digital receipt for purchase #2713.,0
"ACT NOW! You have an unclaimed tax refund of $1,250. Click here to submit details: http://irs-refund-claim.com",1
Happy Birthday David! Wishing you a fantastic day and great year ahead.,0
"Hi Alex, your package delivery is scheduled for tomorrow between 2 PM and 4 PM.",0
Your weekly account summary is ready to view in the banking app.,0
Your appointment with Dr. Smith is confirmed for Friday at 10 AM.,0
Hey! Don't forget our meeting today at 3:00 PM in Conference Room B.,0
URGENT: Your bank account has been suspended! Verify identity immediately within 24 hours: http://bank-verify.info,1
"Dear Customer, your card has been charged $499.99 for order #58061. If not you, call support immediately or visit http://cancel-order.top",1
Your appointment with Dr. Smith is confirmed for Friday at 10 AM.,0
Congratulations! You were selected to receive 0.5 BTC reward. Claim your prize immediately: http://bit-claim.org,1
Immediate action required! Your social security number has been compromised. Verify identity now: http://ssn-verify.info,1
Congratulations! You were selected to receive 0.5 BTC reward. Claim your prize immediately: http://bit-claim.org,1
Can you please review the attached document and send me your feedback?,0
URGENT: Your bank account has been suspended! Verify identity immediately within 24 hours: http://bank-verify.info,1
Hey! Don't forget our meeting today at 3:00 PM in Conference Room B.,0
URGENT: Your bank account has been suspended! Verify identity immediately within 24 hours: http://bank-verify.info,1
"ACT NOW! You have an unclaimed tax refund of $1,250. Click here to submit details: http://irs-refund-claim.com",1
"You won a $1,000 Amazon Gift Card! Claim your free reward today: http://claim-giftcard.xyz",1
"ACT NOW! You have an unclaimed tax refund of $1,250. Click here to submit details: http://irs-refund-claim.com",1
Your weekly account summary is ready to view in the banking app.,0
"Hi Alex, your package delivery is scheduled for tomorrow between 2 PM and 4 PM.",0
FINAL WARNING: Your parcel delivery failed due to unpaid customs fee of $2.99. Pay now: http://postal-fee.org,1
FINAL WARNING: Your parcel delivery failed due to unpaid customs fee of $2.99. Pay now: http://postal-fee.org,1
"ACT NOW! You have an unclaimed tax refund of $1,250. Click here to submit details: http://irs-refund-claim.com",1
Your appointment with Dr. Smith is confirmed for Friday at 10 AM.,0
Happy Birthday David! Wishing you a fantastic day and great year ahead.,0
Your appointment with Dr. Smith is confirmed for Friday at 10 AM.,0
Your weekly account summary is ready to view in the banking app.,0
Congratulations! You were selected to receive 0.5 BTC reward. Claim your prize immediately: http://bit-claim.org,1
URGENT: Your bank account has been suspended! Verify identity immediately within 24 hours: http://bank-verify.info,1
"ACT NOW! You have an unclaimed tax refund of $1,250. Click here to submit details: http://irs-refund-claim.com",1
SECURITY ALERT: Unauthorized login detected on your account. Tap here to lock account: http://secure-auth.net,1
Can you please review the attached document and send me your feedback?,0
Your appointment with Dr. Smith is confirmed for Friday at 10 AM.,0
Thanks for visiting our store! Here is your digital receipt for purchase #4750.,0
"Hey, are we still meeting for lunch today? Let me know!",0
"Hey, are we still meeting for lunch today? Let me know!",0
"Hey, are we still meeting for lunch today? Let me know!",0
Happy Birthday David! Wishing you a fantastic day and great year ahead.,0
"Dear Customer, your card has been charged $499.99 for order #97351. If not you, call support immediately or visit http://cancel-order.top",1
"Dear Customer, your card has been charged $499.99 for order #17718. If not you, call support immediately or visit http://cancel-order.top",1
Can you please review the attached document and send me your feedback?,0
Your appointment with Dr. Smith is confirmed for Friday at 10 AM.,0
Thanks for visiting our store! Here is your digital receipt for purchase #3750.,0
Hey! Don't forget our meeting today at 3:00 PM in Conference Room B.,0
"Hey, are we still meeting for lunch today? Let me know!",0
Thanks for visiting our store! Here is your digital receipt for purchase #9817.,0
"ACT NOW! You have an unclaimed tax refund of $1,250. Click here to submit details: http://irs-refund-claim.com",1
"Dear Customer, your card has been charged $499.99 for order #41977. If not you, call support immediately or visit http://cancel-order.top",1
Happy Birthday Alex! Wishing you a fantastic day and great year ahead.,0
FINAL WARNING: Your parcel delivery failed due to unpaid customs fee of $2.99. Pay now: http://postal-fee.org,1
Your weekly account summary is ready to view in the banking app.,0
"You won a $1,000 Amazon Gift Card! Claim your free reward today: http://claim-giftcard.xyz",1
Congratulations! You were selected to receive 0.5 BTC reward. Claim your prize immediately: http://bit-claim.org,1
FINAL WARNING: Your parcel delivery failed due to unpaid customs fee of $2.99. Pay now: http://postal-fee.org,1
"You won a $1,000 Amazon Gift Card! Claim your free reward today: http://claim-giftcard.xyz",1
Hey! Don't forget our meeting today at 3:00 PM in Conference Room B.,0
Congratulations! You were selected to receive 0.5 BTC reward. Claim your prize immediately: http://bit-claim.org,1
"Dear Customer, your card has been charged $499.99 for order #38333. If not you, call support immediately or visit http://cancel-order.top",1
"Hi David, your package delivery is scheduled for tomorrow between 2 PM and 4 PM.",0
Immediate action required! Your social security number has been compromised. Verify identity now: http://ssn-verify.info,1
"Hey, are we still meeting for lunch today? Let me know!",0
"ACT NOW! You have an unclaimed tax refund of $1,250. Click here to submit details: http://irs-refund-claim.com",1
Congratulations! You were selected to receive 0.5 BTC reward. Claim your prize immediately: http://bit-claim.org,1
"Dear Customer, your card has been charged $499.99 for order #27341. If not you, call support immediately or visit http://cancel-order.top",1
Happy Birthday Alex! Wishing you a fantastic day and great year ahead.,0
"Dear Customer, your card has been charged $499.99 for order #37682. If not you, call support immediately or visit http://cancel-order.top",1
URGENT: Your bank account has been suspended! Verify identity immediately within 24 hours: http://bank-verify.info,1
"ACT NOW! You have an unclaimed tax refund of $1,250. Click here to submit details: http://irs-refund-claim.com",1
"ACT NOW! You have an unclaimed tax refund of $1,250. Click here to submit details: http://irs-refund-claim.com",1
Congratulations! You were selected to receive 0.5 BTC reward. Claim your prize immediately: http://bit-claim.org,1
Your appointment with Dr. Smith is confirmed for Friday at 10 AM.,0
Can you please review the attached document and send me your feedback?,0
Your appointment with Dr. Smith is confirmed for Friday at 10 AM.,0
Congratulations! You were selected to receive 0.5 BTC reward. Claim your prize immediately: http://bit-claim.org,1
SECURITY ALERT: Unauthorized login detected on your account. Tap here to lock account: http://secure-auth.net,1
Can you please review the attached document and send me your feedback?,0
"Hi Sarah, your package delivery is scheduled for tomorrow between 2 PM and 4 PM.",0
FINAL WARNING: Your parcel delivery failed due to unpaid customs fee of $2.99. Pay now: http://postal-fee.org,1
"Hi Daniel, your package delivery is scheduled for tomorrow between 2 PM and 4 PM.",0
SECURITY ALERT: Unauthorized login detected on your account. Tap here to lock account: http://secure-auth.net,1
URGENT: Your bank account has been suspended! Verify identity immediately within 24 hours: http://bank-verify.info,1
Immediate action required! Your social security number has been compromised. Verify identity now: http://ssn-verify.info,1
Immediate action required! Your social security number has been compromised. Verify identity now: http://ssn-verify.info,1
"Dear Customer, your card has been charged $499.99 for order #35385. If not you, call support immediately or visit http://cancel-order.top",1
Your weekly account summary is ready to view in the banking app.,0
"Hey, are we still meeting for lunch today? Let me know!",0
"Dear Customer, your card has been charged $499.99 for order #42188. If not you, call support immediately or visit http://cancel-order.top",1
"ACT NOW! You have an unclaimed tax refund of $1,250. Click here to submit details: http://irs-refund-claim.com",1
"Dear Customer, your card has been charged $499.99 for order #13049. If not you, call support immediately or visit http://cancel-order.top",1
"ACT NOW! You have an unclaimed tax refund of $1,250. Click here to submit details: http://irs-refund-claim.com",1
Thanks for visiting our store! Here is your digital receipt for purchase #5511.,0
URGENT: Your bank account has been suspended! Verify identity immediately within 24 hours: http://bank-verify.info,1
"Hi Jessica, your package delivery is scheduled for tomorrow between 2 PM and 4 PM.",0
"Hey, are we still meeting for lunch today? Let me know!",0
Immediate action required! Your social security number has been compromised. Verify identity now: http://ssn-verify.info,1
Immediate action required! Your social security number has been compromised. Verify identity now: http://ssn-verify.info,1
Thanks for visiting our store! Here is your digital receipt for purchase #2330.,0
Happy Birthday Sarah! Wishing you a fantastic day and great year ahead.,0
Congratulations! You were selected to receive 0.5 BTC reward. Claim your prize immediately: http://bit-claim.org,1
Happy Birthday Emily! Wishing you a fantastic day and great year ahead.,0
Your appointment with Dr. Smith is confirmed for Friday at 10 AM.,0
Can you please review the attached document and send me your feedback?,0
Your weekly account summary is ready to view in the banking app.,0
"You won a $1,000 Amazon Gift Card! Claim your free reward today: http://claim-giftcard.xyz",1
"Dear Customer, your card has been charged $499.99 for order #84792. If not you, call support immediately or visit http://cancel-order.top",1
URGENT: Your bank account has been suspended! Verify identity immediately within 24 hours: http://bank-verify.info,1
"ACT NOW! You have an unclaimed tax refund of $1,250. Click here to submit details: http://irs-refund-claim.com",1
"ACT NOW! You have an unclaimed tax refund of $1,250. Click here to submit details: http://irs-refund-claim.com",1
"You won a $1,000 Amazon Gift Card! Claim your free reward today: http://claim-giftcard.xyz",1
FINAL WARNING: Your parcel delivery failed due to unpaid customs fee of $2.99. Pay now: http://postal-fee.org,1
Immediate action required! Your social security number has been compromised. Verify identity now: http://ssn-verify.info,1
Thanks for visiting our store! Here is your digital receipt for purchase #2202.,0
"Dear Customer, your card has been charged $499.99 for order #36148. If not you, call support immediately or visit http://cancel-order.top",1
Your appointment with Dr. Smith is confirmed for Friday at 10 AM.,0
"You won a $1,000 Amazon Gift Card! Claim your free reward today: http://claim-giftcard.xyz",1
Immediate action required! Your social security number has been compromised. Verify identity now: http://ssn-verify.info,1
Happy Birthday Alex! Wishing you a fantastic day and great year ahead.,0
Immediate action required! Your social security number has been compromised. Verify identity now: http://ssn-verify.info,1
"Hey, are we still meeting for lunch today? Let me know!",0
Congratulations! You were selected to receive 0.5 BTC reward. Claim your prize immediately: http://bit-claim.org,1
Immediate action required! Your social security number has been compromised. Verify identity now: http://ssn-verify.info,1
Happy Birthday Emily! Wishing you a fantastic day and great year ahead.,0
"Dear Customer, your card has been charged $499.99 for order #11596. If not you, call support immediately or visit http://cancel-order.top",1
"You won a $1,000 Amazon Gift Card! Claim your free reward today: http://claim-giftcard.xyz",1
"You won a $1,000 Amazon Gift Card! Claim your free reward today: http://claim-giftcard.xyz",1
Congratulations! You were selected to receive 0.5 BTC reward. Claim your prize immediately: http://bit-claim.org,1
Congratulations! You were selected to receive 0.5 BTC reward. Claim your prize immediately: http://bit-claim.org,1
URGENT: Your bank account has been suspended! Verify identity immediately within 24 hours: http://bank-verify.info,1
SECURITY ALERT: Unauthorized login detected on your account. Tap here to lock account: http://secure-auth.net,1
Hey! Don't forget our meeting today at 3:00 PM in Conference Room B.,0
URGENT: Your bank account has been suspended! Verify identity immediately within 24 hours: http://bank-verify.info,1
SECURITY ALERT: Unauthorized login detected on your account. Tap here to lock account: http://secure-auth.net,1
URGENT: Your bank account has been suspended! Verify identity immediately within 24 hours: http://bank-verify.info,1
"Hi John, your package delivery is scheduled for tomorrow between 2 PM and 4 PM.",0
"You won a $1,000 Amazon Gift Card! Claim your free reward today: http://claim-giftcard.xyz",1
"ACT NOW! You have an unclaimed tax refund of $1,250. Click here to submit details: http://irs-refund-claim.com",1
"Hey, are we still meeting for lunch today? Let me know!",0
URGENT: Your bank account has been suspended! Verify identity immediately within 24 hours: http://bank-verify.info,1
Immediate action required! Your social security number has been compromised. Verify identity now: http://ssn-verify.info,1
FINAL WARNING: Your parcel delivery failed due to unpaid customs fee of $2.99. Pay now: http://postal-fee.org,1
FINAL WARNING: Your parcel delivery failed due to unpaid customs fee of $2.99. Pay now: http://postal-fee.org,1
"You won a $1,000 Amazon Gift Card! Claim your free reward today: http://claim-giftcard.xyz",1
Your weekly account summary is ready to view in the banking app.,0
Happy Birthday Daniel! Wishing you a fantastic day and great year ahead.,0
Congratulations! You were selected to receive 0.5 BTC reward. Claim your prize immediately: http://bit-claim.org,1
Happy Birthday David! Wishing you a fantastic day and great year ahead.,0
Hey! Don't forget our meeting today at 3:00 PM in Conference Room B.,0
URGENT: Your bank account has been suspended! Verify identity immediately within 24 hours: http://bank-verify.info,1
Your weekly account summary is ready to view in the banking app.,0
SECURITY ALERT: Unauthorized login detected on your account. Tap here to lock account: http://secure-auth.net,1
FINAL WARNING: Your parcel delivery failed due to unpaid customs fee of $2.99. Pay now: http://postal-fee.org,1
"ACT NOW! You have an unclaimed tax refund of $1,250. Click here to submit details: http://irs-refund-claim.com",1
"Hey, are we still meeting for lunch today? Let me know!",0
Thanks for visiting our store! Here is your digital receipt for purchase #6611.,0
Can you please review the attached document and send me your feedback?,0
"You won a $1,000 Amazon Gift Card! Claim your free reward today: http://claim-giftcard.xyz",1
URGENT: Your bank account has been suspended! Verify identity immediately within 24 hours: http://bank-verify.info,1
Your weekly account summary is ready to view in the banking app.,0
Your appointment with Dr. Smith is confirmed for Friday at 10 AM.,0
"Dear Customer, your card has been charged $499.99 for order #29997. If not you, call support immediately or visit http://cancel-order.top",1
"ACT NOW! You have an unclaimed tax refund of $1,250. Click here to submit details: http://irs-refund-claim.com",1
FINAL WARNING: Your parcel delivery failed due to unpaid customs fee of $2.99. Pay now: http://postal-fee.org,1
"Hi Emily, your package delivery is scheduled for tomorrow between 2 PM and 4 PM.",0
"Hi Emily, your package delivery is scheduled for tomorrow between 2 PM and 4 PM.",0
SECURITY ALERT: Unauthorized login detected on your account. Tap here to lock account: http://secure-auth.net,1
Your appointment with Dr. Smith is confirmed for Friday at 10 AM.,0
"ACT NOW! You have an unclaimed tax refund of $1,250. Click here to submit details: http://irs-refund-claim.com",1
Thanks for visiting our store! Here is your digital receipt for purchase #2786.,0
SECURITY ALERT: Unauthorized login detected on your account. Tap here to lock account: http://secure-auth.net,1
Congratulations! You were selected to receive 0.5 BTC reward. Claim your prize immediately: http://bit-claim.org,1
Your appointment with Dr. Smith is confirmed for Friday at 10 AM.,0
Can you please review the attached document and send me your feedback?,0
FINAL WARNING: Your parcel delivery failed due to unpaid customs fee of $2.99. Pay now: http://postal-fee.org,1
"Hi Alex, your package delivery is scheduled for tomorrow between 2 PM and 4 PM.",0
Thanks for visiting our store! Here is your digital receipt for purchase #5768.,0
Congratulations! You were selected to receive 0.5 BTC reward. Claim your prize immediately: http://bit-claim.org,1
Thanks for visiting our store! Here is your digital receipt for purchase #3764.,0
"You won a $1,000 Amazon Gift Card! Claim your free reward today: http://claim-giftcard.xyz",1
Immediate action required! Your social security number has been compromised. Verify identity now: http://ssn-verify.info,1
"ACT NOW! You have an unclaimed tax refund of $1,250. Click here to submit details: http://irs-refund-claim.com",1
"You won a $1,000 Amazon Gift Card! Claim your free reward today: http://claim-giftcard.xyz",1
Thanks for visiting our store! Here is your digital receipt for purchase #8816.,0
"Hi Emily, your package delivery is scheduled for tomorrow between 2 PM and 4 PM.",0
Hey! Don't forget our meeting today at 3:00 PM in Conference Room B.,0
Happy Birthday John! Wishing you a fantastic day and great year ahead.,0
"Hi Emily, your package delivery is scheduled for tomorrow between 2 PM and 4 PM.",0
URGENT: Your bank account has been suspended! Verify identity immediately within 24 hours: http://bank-verify.info,1
"Hey, are we still meeting for lunch today? Let me know!",0
"Dear Customer, your card has been charged $499.99 for order #87039. If not you, call support immediately or visit http://cancel-order.top",1
"Hey, are we still meeting for lunch today? Let me know!",0
Thanks for visiting our store! Here is your digital receipt for purchase #3964.,0
Can you please review the attached document and send me your feedback?,0
Congratulations! You were selected to receive 0.5 BTC reward. Claim your prize immediately: http://bit-claim.org,1
Hey! Don't forget our meeting today at 3:00 PM in Conference Room B.,0
"Hey, are we still meeting for lunch today? Let me know!",0
SECURITY ALERT: Unauthorized login detected on your account. Tap here to lock account: http://secure-auth.net,1
Congratulations! You were selected to receive 0.5 BTC reward. Claim your prize immediately: http://bit-claim.org,1
Hey! Don't forget our meeting today at 3:00 PM in Conference Room B.,0
Hey! Don't forget our meeting today at 3:00 PM in Conference Room B.,0
Congratulations! You were selected to receive 0.5 BTC reward. Claim your prize immediately: http://bit-claim.org,1
FINAL WARNING: Your parcel delivery failed due to unpaid customs fee of $2.99. Pay now: http://postal-fee.org,1
SECURITY ALERT: Unauthorized login detected on your account. Tap here to lock account: http://secure-auth.net,1
Happy Birthday Alex! Wishing you a fantastic day and great year ahead.,0
"You won a $1,000 Amazon Gift Card! Claim your free reward today: http://claim-giftcard.xyz",1
"Dear Customer, your card has been charged $499.99 for order #56233. If not you, call support immediately or visit http://cancel-order.top",1
FINAL WARNING: Your parcel delivery failed due to unpaid customs fee of $2.99. Pay now: http://postal-fee.org,1
Your appointment with Dr. Smith is confirmed for Friday at 10 AM.,0
SECURITY ALERT: Unauthorized login detected on your account. Tap here to lock account: http://secure-auth.net,1
"ACT NOW! You have an unclaimed tax refund of $1,250. Click here to submit details: http://irs-refund-claim.com",1
Happy Birthday John! Wishing you a fantastic day and great year ahead.,0
"Dear Customer, your card has been charged $499.99 for order #11709. If not you, call support immediately or visit http://cancel-order.top",1
Congratulations! You were selected to receive 0.5 BTC reward. Claim your prize immediately: http://bit-claim.org,1
Hey! Don't forget our meeting today at 3:00 PM in Conference Room B.,0
Your appointment with Dr. Smith is confirmed for Friday at 10 AM.,0
Your weekly account summary is ready to view in the banking app.,0
Congratulations! You were selected to receive 0.5 BTC reward. Claim your prize immediately: http://bit-claim.org,1
Your appointment with Dr. Smith is confirmed for Friday at 10 AM.,0
SECURITY ALERT: Unauthorized login detected on your account. Tap here to lock account: http://secure-auth.net,1
Your appointment with Dr. Smith is confirmed for Friday at 10 AM.,0
"ACT NOW! You have an unclaimed tax refund of $1,250. Click here to submit details: http://irs-refund-claim.com",1
FINAL WARNING: Your parcel delivery failed due to unpaid customs fee of $2.99. Pay now: http://postal-fee.org,1
Your appointment with Dr. Smith is confirmed for Friday at 10 AM.,0
FINAL WARNING: Your parcel delivery failed due to unpaid customs fee of $2.99. Pay now: http://postal-fee.org,1
Immediate action required! Your social security number has been compromised. Verify identity now: http://ssn-verify.info,1
"Hey, are we still meeting for lunch today? Let me know!",0
Hey! Don't forget our meeting today at 3:00 PM in Conference Room B.,0
"Dear Customer, your card has been charged $499.99 for order #29545. If not you, call support immediately or visit http://cancel-order.top",1
SECURITY ALERT: Unauthorized login detected on your account. Tap here to lock account: http://secure-auth.net,1
"Hey, are we still meeting for lunch today? Let me know!",0
"ACT NOW! You have an unclaimed tax refund of $1,250. Click here to submit details: http://irs-refund-claim.com",1
Your appointment with Dr. Smith is confirmed for Friday at 10 AM.,0
Congratulations! You were selected to receive 0.5 BTC reward. Claim your prize immediately: http://bit-claim.org,1
"Dear Customer, your card has been charged $499.99 for order #21449. If not you, call support immediately or visit http://cancel-order.top",1
"Dear Customer, your card has been charged $499.99 for order #96339. If not you, call support immediately or visit http://cancel-order.top",1
URGENT: Your bank account has been suspended! Verify identity immediately within 24 hours: http://bank-verify.info,1
Your appointment with Dr. Smith is confirmed for Friday at 10 AM.,0
FINAL WARNING: Your parcel delivery failed due to unpaid customs fee of $2.99. Pay now: http://postal-fee.org,1
Your weekly account summary is ready to view in the banking app.,0
Can you please review the attached document and send me your feedback?,0
"Hi Jessica, your package delivery is scheduled for tomorrow between 2 PM and 4 PM.",0
Hey! Don't forget our meeting today at 3:00 PM in Conference Room B.,0
Hey! Don't forget our meeting today at 3:00 PM in Conference Room B.,0
Thanks for visiting our store! Here is your digital receipt for purchase #2645.,0
Your weekly account summary is ready to view in the banking app.,0
Can you please review the attached document and send me your feedback?,0
Happy Birthday Jessica! Wishing you a fantastic day and great year ahead.,0
Happy Birthday Jessica! Wishing you a fantastic day and great year ahead.,0
"Hi Emily, your package delivery is scheduled for tomorrow between 2 PM and 4 PM.",0
Can you please review the attached document and send me your feedback?,0
"Hey, are we still meeting for lunch today? Let me know!",0
FINAL WARNING: Your parcel delivery failed due to unpaid customs fee of $2.99. Pay now: http://postal-fee.org,1
Congratulations! You were selected to receive 0.5 BTC reward. Claim your prize immediately: http://bit-claim.org,1
"Hey, are we still meeting for lunch today? Let me know!",0
Your weekly account summary is ready to view in the banking app.,0
SECURITY ALERT: Unauthorized login detected on your account. Tap here to lock account: http://secure-auth.net,1
URGENT: Your bank account has been suspended! Verify identity immediately within 24 hours: http://bank-verify.info,1
Thanks for visiting our store! Here is your digital receipt for purchase #6973.,0
FINAL WARNING: Your parcel delivery failed due to unpaid customs fee of $2.99. Pay now: http://postal-fee.org,1
SECURITY ALERT: Unauthorized login detected on your account. Tap here to lock account: http://secure-auth.net,1
Can you please review the attached document and send me your feedback?,0
"You won a $1,000 Amazon Gift Card! Claim your free reward today: http://claim-giftcard.xyz",1
URGENT: Your bank account has been suspended! Verify identity immediately within 24 hours: http://bank-verify.info,1
Thanks for visiting our store! Here is your digital receipt for purchase #2328.,0
Can you please review the attached document and send me your feedback?,0
Immediate action required! Your social security number has been compromised. Verify identity now: http://ssn-verify.info,1
Can you please review the attached document and send me your feedback?,0
Immediate action required! Your social security number has been compromised. Verify identity now: http://ssn-verify.info,1
Thanks for visiting our store! Here is your digital receipt for purchase #5206.,0
Thanks for visiting our store! Here is your digital receipt for purchase #7656.,0
SECURITY ALERT: Unauthorized login detected on your account. Tap here to lock account: http://secure-auth.net,1
Your appointment with Dr. Smith is confirmed for Friday at 10 AM.,0
Happy Birthday Emily! Wishing you a fantastic day and great year ahead.,0
URGENT: Your bank account has been suspended! Verify identity immediately within 24 hours: http://bank-verify.info,1
Congratulations! You were selected to receive 0.5 BTC reward. Claim your prize immediately: http://bit-claim.org,1
Your appointment with Dr. Smith is confirmed for Friday at 10 AM.,0
Thanks for visiting our store! Here is your digital receipt for purchase #4238.,0
Can you please review the attached document and send me your feedback?,0
"ACT NOW! You have an unclaimed tax refund of $1,250. Click here to submit details: http://irs-refund-claim.com",1
Immediate action required! Your social security number has been compromised. Verify identity now: http://ssn-verify.info,1
"Dear Customer, your card has been charged $499.99 for order #56724. If not you, call support immediately or visit http://cancel-order.top",1
Your appointment with Dr. Smith is confirmed for Friday at 10 AM.,0
SECURITY ALERT: Unauthorized login detected on your account. Tap here to lock account: http://secure-auth.net,1
Your weekly account summary is ready to view in the banking app.,0
FINAL WARNING: Your parcel delivery failed due to unpaid customs fee of $2.99. Pay now: http://postal-fee.org,1
"You won a $1,000 Amazon Gift Card! Claim your free reward today: http://claim-giftcard.xyz",1
"Hi Alex, your package delivery is scheduled for tomorrow between 2 PM and 4 PM.",0
Your appointment with Dr. Smith is confirmed for Friday at 10 AM.,0
"Dear Customer, your card has been charged $499.99 for order #38704. If not you, call support immediately or visit http://cancel-order.top",1
Happy Birthday Michael! Wishing you a fantastic day and great year ahead.,0
FINAL WARNING: Your parcel delivery failed due to unpaid customs fee of $2.99. Pay now: http://postal-fee.org,1
SECURITY ALERT: Unauthorized login detected on your account. Tap here to lock account: http://secure-auth.net,1
"Hey, are we still meeting for lunch today? Let me know!",0
"Dear Customer, your card has been charged $499.99 for order #59601. If not you, call support immediately or visit http://cancel-order.top",1
"ACT NOW! You have an unclaimed tax refund of $1,250. Click here to submit details: http://irs-refund-claim.com",1
Can you please review the attached document and send me your feedback?,0
Immediate action required! Your social security number has been compromised. Verify identity now: http://ssn-verify.info,1
Hey! Don't forget our meeting today at 3:00 PM in Conference Room B.,0
Happy Birthday Sarah! Wishing you a fantastic day and great year ahead.,0
Congratulations! You were selected to receive 0.5 BTC reward. Claim your prize immediately: http://bit-claim.org,1
URGENT: Your bank account has been suspended! Verify identity immediately within 24 hours: http://bank-verify.info,1
"ACT NOW! You have an unclaimed tax refund of $1,250. Click here to submit details: http://irs-refund-claim.com",1
Thanks for visiting our store! Here is your digital receipt for purchase #1311.,0
Thanks for visiting our store! Here is your digital receipt for purchase #7817.,0
Hey! Don't forget our meeting today at 3:00 PM in Conference Room B.,0
"Hi David, your package delivery is scheduled for tomorrow between 2 PM and 4 PM.",0
Can you please review the attached document and send me your feedback?,0
Your appointment with Dr. Smith is confirmed for Friday at 10 AM.,0
Your appointment with Dr. Smith is confirmed for Friday at 10 AM.,0
Hey! Don't forget our meeting today at 3:00 PM in Conference Room B.,0
Your appointment with Dr. Smith is confirmed for Friday at 10 AM.,0
Your appointment with Dr. Smith is confirmed for Friday at 10 AM.,0
Congratulations! You were selected to receive 0.5 BTC reward. Claim your prize immediately: http://bit-claim.org,1
"Hi John, your package delivery is scheduled for tomorrow between 2 PM and 4 PM.",0
Can you please review the attached document and send me your feedback?,0
Can you please review the attached document and send me your feedback?,0
Thanks for visiting our store! Here is your digital receipt for purchase #7882.,0
Hey! Don't forget our meeting today at 3:00 PM in Conference Room B.,0
Congratulations! You were selected to receive 0.5 BTC reward. Claim your prize immediately: http://bit-claim.org,1
SECURITY ALERT: Unauthorized login detected on your account. Tap here to lock account: http://secure-auth.net,1
SECURITY ALERT: Unauthorized login detected on your account. Tap here to lock account: http://secure-auth.net,1
Happy Birthday Alex! Wishing you a fantastic day and great year ahead.,0
"Dear Customer, your card has been charged $499.99 for order #87178. If not you, call support immediately or visit http://cancel-order.top",1
"Dear Customer, your card has been charged $499.99 for order #79607. If not you, call support immediately or visit http://cancel-order.top",1
"Hi John, your package delivery is scheduled for tomorrow between 2 PM and 4 PM.",0
SECURITY ALERT: Unauthorized login detected on your account. Tap here to lock account: http://secure-auth.net,1
Can you please review the attached document and send me your feedback?,0
Happy Birthday Emily! Wishing you a fantastic day and great year ahead.,0
Your weekly account summary is ready to view in the banking app.,0
"ACT NOW! You have an unclaimed tax refund of $1,250. Click here to submit details: http://irs-refund-claim.com",1
Hey! Don't forget our meeting today at 3:00 PM in Conference Room B.,0
"Hi Michael, your package delivery is scheduled for tomorrow between 2 PM and 4 PM.",0
Can you please review the attached document and send me your feedback?,0
"ACT NOW! You have an unclaimed tax refund of $1,250. Click here to submit details: http://irs-refund-claim.com",1
Hey! Don't forget our meeting today at 3:00 PM in Conference Room B.,0
Your weekly account summary is ready to view in the banking app.,0
Your weekly account summary is ready to view in the banking app.,0
Your weekly account summary is ready to view in the banking app.,0
Congratulations! You were selected to receive 0.5 BTC reward. Claim your prize immediately: http://bit-claim.org,1
"Hi David, your package delivery is scheduled for tomorrow between 2 PM and 4 PM.",0
Immediate action required! Your social security number has been compromised. Verify identity now: http://ssn-verify.info,1
Congratulations! You were selected to receive 0.5 BTC reward. Claim your prize immediately: http://bit-claim.org,1
Congratulations! You were selected to receive 0.5 BTC reward. Claim your prize immediately: http://bit-claim.org,1
URGENT: Your bank account has been suspended! Verify identity immediately within 24 hours: http://bank-verify.info,1
SECURITY ALERT: Unauthorized login detected on your account. Tap here to lock account: http://secure-auth.net,1
Immediate action required! Your social security number has been compromised. Verify identity now: http://ssn-verify.info,1
Immediate action required! Your social security number has been compromised. Verify identity now: http://ssn-verify.info,1
Your weekly account summary is ready to view in the banking app.,0
SECURITY ALERT: Unauthorized login detected on your account. Tap here to lock account: http://secure-auth.net,1
"Hey, are we still meeting for lunch today? Let me know!",0
Can you please review the attached document and send me your feedback?,0
SECURITY ALERT: Unauthorized login detected on your account. Tap here to lock account: http://secure-auth.net,1
FINAL WARNING: Your parcel delivery failed due to unpaid customs fee of $2.99. Pay now: http://postal-fee.org,1
Your appointment with Dr. Smith is confirmed for Friday at 10 AM.,0
"Dear Customer, your card has been charged $499.99 for order #36565. If not you, call support immediately or visit http://cancel-order.top",1
"You won a $1,000 Amazon Gift Card! Claim your free reward today: http://claim-giftcard.xyz",1
Your appointment with Dr. Smith is confirmed for Friday at 10 AM.,0
Congratulations! You were selected to receive 0.5 BTC reward. Claim your prize immediately: http://bit-claim.org,1
"Hey, are we still meeting for lunch today? Let me know!",0
Hey! Don't forget our meeting today at 3:00 PM in Conference Room B.,0
FINAL WARNING: Your parcel delivery failed due to unpaid customs fee of $2.99. Pay now: http://postal-fee.org,1
Immediate action required! Your social security number has been compromised. Verify identity now: http://ssn-verify.info,1
Your weekly account summary is ready to view in the banking app.,0
Your weekly account summary is ready to view in the banking app.,0
Your weekly account summary is ready to view in the banking app.,0
Thanks for visiting our store! Here is your digital receipt for purchase #3003.,0
"ACT NOW! You have an unclaimed tax refund of $1,250. Click here to submit details: http://irs-refund-claim.com",1
"ACT NOW! You have an unclaimed tax refund of $1,250. Click here to submit details: http://irs-refund-claim.com",1
"Hey, are we still meeting for lunch today? Let me know!",0
"Hi Sarah, your package delivery is scheduled for tomorrow between 2 PM and 4 PM.",0
"You won a $1,000 Amazon Gift Card! Claim your free reward today: http://claim-giftcard.xyz",1
"Hi Jessica, your package delivery is scheduled for tomorrow between 2 PM and 4 PM.",0
Thanks for visiting our store! Here is your digital receipt for purchase #1481.,0
Congratulations! You were selected to receive 0.5 BTC reward. Claim your prize immediately: http://bit-claim.org,1
"Hey, are we still meeting for lunch today? Let me know!",0
"Hey, are we still meeting for lunch today? Let me know!",0
Your weekly account summary is ready to view in the banking app.,0
"You won a $1,000 Amazon Gift Card! Claim your free reward today: http://claim-giftcard.xyz",1
Congratulations! You were selected to receive 0.5 BTC reward. Claim your prize immediately: http://bit-claim.org,1
Congratulations! You were selected to receive 0.5 BTC reward. Claim your prize immediately: http://bit-claim.org,1
Your weekly account summary is ready to view in the banking app.,0
Your appointment with Dr. Smith is confirmed for Friday at 10 AM.,0
URGENT: Your bank account has been suspended! Verify identity immediately within 24 hours: http://bank-verify.info,1
Hey! Don't forget our meeting today at 3:00 PM in Conference Room B.,0
"ACT NOW! You have an unclaimed tax refund of $1,250. Click here to submit details: http://irs-refund-claim.com",1
Your appointment with Dr. Smith is confirmed for Friday at 10 AM.,0
Hey! Don't forget our meeting today at 3:00 PM in Conference Room B.,0
Immediate action required! Your social security number has been compromised. Verify identity now: http://ssn-verify.info,1
Congratulations! You were selected to receive 0.5 BTC reward. Claim your prize immediately: http://bit-claim.org,1
"Hi Emily, your package delivery is scheduled for tomorrow between 2 PM and 4 PM.",0
"ACT NOW! You have an unclaimed tax refund of $1,250. Click here to submit details: http://irs-refund-claim.com",1
Your weekly account summary is ready to view in the banking app.,0
Can you please review the attached document and send me your feedback?,0
Your appointment with Dr. Smith is confirmed for Friday at 10 AM.,0
"Hi Sarah, your package delivery is scheduled for tomorrow between 2 PM and 4 PM.",0
SECURITY ALERT: Unauthorized login detected on your account. Tap here to lock account: http://secure-auth.net,1
"Dear Customer, your card has been charged $499.99 for order #52626. If not you, call support immediately or visit http://cancel-order.top",1
URGENT: Your bank account has been suspended! Verify identity immediately within 24 hours: http://bank-verify.info,1
Congratulations! You were selected to receive 0.5 BTC reward. Claim your prize immediately: http://bit-claim.org,1
URGENT: Your bank account has been suspended! Verify identity immediately within 24 hours: http://bank-verify.info,1
Your appointment with Dr. Smith is confirmed for Friday at 10 AM.,0
URGENT: Your bank account has been suspended! Verify identity immediately within 24 hours: http://bank-verify.info,1
FINAL WARNING: Your parcel delivery failed due to unpaid customs fee of $2.99. Pay now: http://postal-fee.org,1
"Hey, are we still meeting for lunch today? Let me know!",0
URGENT: Your bank account has been suspended! Verify identity immediately within 24 hours: http://bank-verify.info,1
"Dear Customer, your card has been charged $499.99 for order #66820. If not you, call support immediately or visit http://cancel-order.top",1
FINAL WARNING: Your parcel delivery failed due to unpaid customs fee of $2.99. Pay now: http://postal-fee.org,1
"Hi David, your package delivery is scheduled for tomorrow between 2 PM and 4 PM.",0
"Hey, are we still meeting for lunch today? Let me know!",0
Thanks for visiting our store! Here is your digital receipt for purchase #5576.,0
Hey! Don't forget our meeting today at 3:00 PM in Conference Room B.,0
FINAL WARNING: Your parcel delivery failed due to unpaid customs fee of $2.99. Pay now: http://postal-fee.org,1
URGENT: Your bank account has been suspended! Verify identity immediately within 24 hours: http://bank-verify.info,1
FINAL WARNING: Your parcel delivery failed due to unpaid customs fee of $2.99. Pay now: http://postal-fee.org,1
"Hi Alex, your package delivery is scheduled for tomorrow between 2 PM and 4 PM.",0
Hey! Don't forget our meeting today at 3:00 PM in Conference Room B.,0
Congratulations! You were selected to receive 0.5 BTC reward. Claim your prize immediately: http://bit-claim.org,1
"Hey, are we still meeting for lunch today? Let me know!",0
URGENT: Your bank account has been suspended! Verify identity immediately within 24 hours: http://bank-verify.info,1
Congratulations! You were selected to receive 0.5 BTC reward. Claim your prize immediately: http://bit-claim.org,1
Congratulations! You were selected to receive 0.5 BTC reward. Claim your prize immediately: http://bit-claim.org,1
URGENT: Your bank account has been suspended! Verify identity immediately within 24 hours: http://bank-verify.info,1
Thanks for visiting our store! Here is your digital receipt for purchase #1598.,0
FINAL WARNING: Your parcel delivery failed due to unpaid customs fee of $2.99. Pay now: http://postal-fee.org,1
SECURITY ALERT: Unauthorized login detected on your account. Tap here to lock account: http://secure-auth.net,1
"Dear Customer, your card has been charged $499.99 for order #25063. If not you, call support immediately or visit http://cancel-order.top",1
Immediate action required! Your social security number has been compromised. Verify identity now: http://ssn-verify.info,1
"Hi John, your package delivery is scheduled for tomorrow between 2 PM and 4 PM.",0
"You won a $1,000 Amazon Gift Card! Claim your free reward today: http://claim-giftcard.xyz",1
"ACT NOW! You have an unclaimed tax refund of $1,250. Click here to submit details: http://irs-refund-claim.com",1
"ACT NOW! You have an unclaimed tax refund of $1,250. Click here to submit details: http://irs-refund-claim.com",1
"You won a $1,000 Amazon Gift Card! Claim your free reward today: http://claim-giftcard.xyz",1
"ACT NOW! You have an unclaimed tax refund of $1,250. Click here to submit details: http://irs-refund-claim.com",1
Your appointment with Dr. Smith is confirmed for Friday at 10 AM.,0
Can you please review the attached document and send me your feedback?,0
Immediate action required! Your social security number has been compromised. Verify identity now: http://ssn-verify.info,1
FINAL WARNING: Your parcel delivery failed due to unpaid customs fee of $2.99. Pay now: http://postal-fee.org,1
"Hi John, your package delivery is scheduled for tomorrow between 2 PM and 4 PM.",0
Your appointment with Dr. Smith is confirmed for Friday at 10 AM.,0
"Hi John, your package delivery is scheduled for tomorrow between 2 PM and 4 PM.",0
Happy Birthday Jessica! Wishing you a fantastic day and great year ahead.,0
URGENT: Your bank account has been suspended! Verify identity immediately within 24 hours: http://bank-verify.info,1
Your appointment with Dr. Smith is confirmed for Friday at 10 AM.,0
"Hi Jessica, your package delivery is scheduled for tomorrow between 2 PM and 4 PM.",0
"Dear Customer, your card has been charged $499.99 for order #42872. If not you, call support immediately or visit http://cancel-order.top",1
Congratulations! You were selected to receive 0.5 BTC reward. Claim your prize immediately: http://bit-claim.org,1
Congratulations! You were selected to receive 0.5 BTC reward. Claim your prize immediately: http://bit-claim.org,1
Your weekly account summary is ready to view in the banking app.,0
Immediate action required! Your social security number has been compromised. Verify identity now: http://ssn-verify.info,1
"You won a $1,000 Amazon Gift Card! Claim your free reward today: http://claim-giftcard.xyz",1
Congratulations! You were selected to receive 0.5 BTC reward. Claim your prize immediately: http://bit-claim.org,1
Happy Birthday Emily! Wishing you a fantastic day and great year ahead.,0
SECURITY ALERT: Unauthorized login detected on your account. Tap here to lock account: http://secure-auth.net,1
"You won a $1,000 Amazon Gift Card! Claim your free reward today: http://claim-giftcard.xyz",1
Can you please review the attached document and send me your feedback?,0
Immediate action required! Your social security number has been compromised. Verify identity now: http://ssn-verify.info,1
"ACT NOW! You have an unclaimed tax refund of $1,250. Click here to submit details: http://irs-refund-claim.com",1
Your appointment with Dr. Smith is confirmed for Friday at 10 AM.,0
Thanks for visiting our store! Here is your digital receipt for purchase #1377.,0
Can you please review the attached document and send me your feedback?,0
SECURITY ALERT: Unauthorized login detected on your account. Tap here to lock account: http://secure-auth.net,1
"Hey, are we still meeting for lunch today? Let me know!",0
"Dear Customer, your card has been charged $499.99 for order #54109. If not you, call support immediately or visit http://cancel-order.top",1
Your appointment with Dr. Smith is confirmed for Friday at 10 AM.,0
Your weekly account summary is ready to view in the banking app.,0
"Dear Customer, your card has been charged $499.99 for order #70779. If not you, call support immediately or visit http://cancel-order.top",1
FINAL WARNING: Your parcel delivery failed due to unpaid customs fee of $2.99. Pay now: http://postal-fee.org,1
"Hi Jessica, your package delivery is scheduled for tomorrow between 2 PM and 4 PM.",0
"Hi Jessica, your package delivery is scheduled for tomorrow between 2 PM and 4 PM.",0
"Hey, are we still meeting for lunch today? Let me know!",0
FINAL WARNING: Your parcel delivery failed due to unpaid customs fee of $2.99. Pay now: http://postal-fee.org,1
Can you please review the attached document and send me your feedback?,0
"Dear Customer, your card has been charged $499.99 for order #92941. If not you, call support immediately or visit http://cancel-order.top",1
Happy Birthday Jessica! Wishing you a fantastic day and great year ahead.,0
"ACT NOW! You have an unclaimed tax refund of $1,250. Click here to submit details: http://irs-refund-claim.com",1
Your weekly account summary is ready to view in the banking app.,0
Congratulations! You were selected to receive 0.5 BTC reward. Claim your prize immediately: http://bit-claim.org,1
Your appointment with Dr. Smith is confirmed for Friday at 10 AM.,0
SECURITY ALERT: Unauthorized login detected on your account. Tap here to lock account: http://secure-auth.net,1
Immediate action required! Your social security number has been compromised. Verify identity now: http://ssn-verify.info,1
Hey! Don't forget our meeting today at 3:00 PM in Conference Room B.,0
Can you please review the attached document and send me your feedback?,0
Can you please review the attached document and send me your feedback?,0
Immediate action required! Your social security number has been compromised. Verify identity now: http://ssn-verify.info,1
FINAL WARNING: Your parcel delivery failed due to unpaid customs fee of $2.99. Pay now: http://postal-fee.org,1
Congratulations! You were selected to receive 0.5 BTC reward. Claim your prize immediately: http://bit-claim.org,1
URGENT: Your bank account has been suspended! Verify identity immediately within 24 hours: http://bank-verify.info,1
"Dear Customer, your card has been charged $499.99 for order #42766. If not you, call support immediately or visit http://cancel-order.top",1
"Dear Customer, your card has been charged $499.99 for order #97183. If not you, call support immediately or visit http://cancel-order.top",1
"Hi Sarah, your package delivery is scheduled for tomorrow between 2 PM and 4 PM.",0
"ACT NOW! You have an unclaimed tax refund of $1,250. Click here to submit details: http://irs-refund-claim.com",1
Immediate action required! Your social security number has been compromised. Verify identity now: http://ssn-verify.info,1
Hey! Don't forget our meeting today at 3:00 PM in Conference Room B.,0
"Hi David, your package delivery is scheduled for tomorrow between 2 PM and 4 PM.",0
Happy Birthday Daniel! Wishing you a fantastic day and great year ahead.,0
FINAL WARNING: Your parcel delivery failed due to unpaid customs fee of $2.99. Pay now: http://postal-fee.org,1
"Dear Customer, your card has been charged $499.99 for order #65921. If not you, call support immediately or visit http://cancel-order.top",1
URGENT: Your bank account has been suspended! Verify identity immediately within 24 hours: http://bank-verify.info,1
"You won a $1,000 Amazon Gift Card! Claim your free reward today: http://claim-giftcard.xyz",1
"Dear Customer, your card has been charged $499.99 for order #15680. If not you, call support immediately or visit http://cancel-order.top",1
Your weekly account summary is ready to view in the banking app.,0
Your weekly account summary is ready to view in the banking app.,0
Your appointment with Dr. Smith is confirmed for Friday at 10 AM.,0
Hey! Don't forget our meeting today at 3:00 PM in Conference Room B.,0
SECURITY ALERT: Unauthorized login detected on your account. Tap here to lock account: http://secure-auth.net,1
"Hi John, your package delivery is scheduled for tomorrow between 2 PM and 4 PM.",0
Your weekly account summary is ready to view in the banking app.,0
"Hey, are we still meeting for lunch today? Let me know!",0
"ACT NOW! You have an unclaimed tax refund of $1,250. Click here to submit details: http://irs-refund-claim.com",1
"You won a $1,000 Amazon Gift Card! Claim your free reward today: http://claim-giftcard.xyz",1
Your weekly account summary is ready to view in the banking app.,0
Hey! Don't forget our meeting today at 3:00 PM in Conference Room B.,0
SECURITY ALERT: Unauthorized login detected on your account. Tap here to lock account: http://secure-auth.net,1
"Hey, are we still meeting for lunch today? Let me know!",0
Immediate action required! Your social security number has been compromised. Verify identity now: http://ssn-verify.info,1
"ACT NOW! You have an unclaimed tax refund of $1,250. Click here to submit details: http://irs-refund-claim.com",1
Can you please review the attached document and send me your feedback?,0
"Hi Emily, your package delivery is scheduled for tomorrow between 2 PM and 4 PM.",0
Congratulations! You were selected to receive 0.5 BTC reward. Claim your prize immediately: http://bit-claim.org,1
"ACT NOW! You have an unclaimed tax refund of $1,250. Click here to submit details: http://irs-refund-claim.com",1
"You won a $1,000 Amazon Gift Card! Claim your free reward today: http://claim-giftcard.xyz",1
Your appointment with Dr. Smith is confirmed for Friday at 10 AM.,0
Your appointment with Dr. Smith is confirmed for Friday at 10 AM.,0
URGENT: Your bank account has been suspended! Verify identity immediately within 24 hours: http://bank-verify.info,1
"ACT NOW! You have an unclaimed tax refund of $1,250. Click here to submit details: http://irs-refund-claim.com",1
"Hey, are we still meeting for lunch today? Let me know!",0
"Dear Customer, your card has been charged $499.99 for order #87477. If not you, call support immediately or visit http://cancel-order.top",1
Your appointment with Dr. Smith is confirmed for Friday at 10 AM.,0
"ACT NOW! You have an unclaimed tax refund of $1,250. Click here to submit details: http://irs-refund-claim.com",1
Your weekly account summary is ready to view in the banking app.,0
FINAL WARNING: Your parcel delivery failed due to unpaid customs fee of $2.99. Pay now: http://postal-fee.org,1
FINAL WARNING: Your parcel delivery failed due to unpaid customs fee of $2.99. Pay now: http://postal-fee.org,1
"Hi Alex, your package delivery is scheduled for tomorrow between 2 PM and 4 PM.",0
Happy Birthday Michael! Wishing you a fantastic day and great year ahead.,0
"Hi Daniel, your package delivery is scheduled for tomorrow between 2 PM and 4 PM.",0
FINAL WARNING: Your parcel delivery failed due to unpaid customs fee of $2.99. Pay now: http://postal-fee.org,1
URGENT: Your bank account has been suspended! Verify identity immediately within 24 hours: http://bank-verify.info,1
"Dear Customer, your card has been charged $499.99 for order #16648. If not you, call support immediately or visit http://cancel-order.top",1
Your appointment with Dr. Smith is confirmed for Friday at 10 AM.,0
SECURITY ALERT: Unauthorized login detected on your account. Tap here to lock account: http://secure-auth.net,1
SECURITY ALERT: Unauthorized login detected on your account. Tap here to lock account: http://secure-auth.net,1
Happy Birthday Emily! Wishing you a fantastic day and great year ahead.,0
"Hi Jessica, your package delivery is scheduled for tomorrow between 2 PM and 4 PM.",0
Thanks for visiting our store! Here is your digital receipt for purchase #9684.,0
Congratulations! You were selected to receive 0.5 BTC reward. Claim your prize immediately: http://bit-claim.org,1
Immediate action required! Your social security number has been compromised. Verify identity now: http://ssn-verify.info,1
"Hey, are we still meeting for lunch today? Let me know!",0
"You won a $1,000 Amazon Gift Card! Claim your free reward today: http://claim-giftcard.xyz",1
Hey! Don't forget our meeting today at 3:00 PM in Conference Room B.,0
Your appointment with Dr. Smith is confirmed for Friday at 10 AM.,0
URGENT: Your bank account has been suspended! Verify identity immediately within 24 hours: http://bank-verify.info,1
SECURITY ALERT: Unauthorized login detected on your account. Tap here to lock account: http://secure-auth.net,1
Immediate action required! Your social security number has been compromised. Verify identity now: http://ssn-verify.info,1
Immediate action required! Your social security number has been compromised. Verify identity now: http://ssn-verify.info,1
SECURITY ALERT: Unauthorized login detected on your account. Tap here to lock account: http://secure-auth.net,1
Congratulations! You were selected to receive 0.5 BTC reward. Claim your prize immediately: http://bit-claim.org,1
Happy Birthday Sarah! Wishing you a fantastic day and great year ahead.,0
FINAL WARNING: Your parcel delivery failed due to unpaid customs fee of $2.99. Pay now: http://postal-fee.org,1
"Hey, are we still meeting for lunch today? Let me know!",0
Your weekly account summary is ready to view in the banking app.,0
Congratulations! You were selected to receive 0.5 BTC reward. Claim your prize immediately: http://bit-claim.org,1
Happy Birthday Michael! Wishing you a fantastic day and great year ahead.,0
Your weekly account summary is ready to view in the banking app.,0
Can you please review the attached document and send me your feedback?,0
Your appointment with Dr. Smith is confirmed for Friday at 10 AM.,0
"ACT NOW! You have an unclaimed tax refund of $1,250. Click here to submit details: http://irs-refund-claim.com",1
Your appointment with Dr. Smith is confirmed for Friday at 10 AM.,0
Your weekly account summary is ready to view in the banking app.,0
"Hi Jessica, your package delivery is scheduled for tomorrow between 2 PM and 4 PM.",0
Your weekly account summary is ready to view in the banking app.,0
"You won a $1,000 Amazon Gift Card! Claim your free reward today: http://claim-giftcard.xyz",1
Your appointment with Dr. Smith is confirmed for Friday at 10 AM.,0
FINAL WARNING: Your parcel delivery failed due to unpaid customs fee of $2.99. Pay now: http://postal-fee.org,1
Your weekly account summary is ready to view in the banking app.,0
"ACT NOW! You have an unclaimed tax refund of $1,250. Click here to submit details: http://irs-refund-claim.com",1
Thanks for visiting our store! Here is your digital receipt for purchase #9267.,0
Can you please review the attached document and send me your feedback?,0
Your weekly account summary is ready to view in the banking app.,0
Immediate action required! Your social security number has been compromised. Verify identity now: http://ssn-verify.info,1
Hey! Don't forget our meeting today at 3:00 PM in Conference Room B.,0
Happy Birthday Jessica! Wishing you a fantastic day and great year ahead.,0
Immediate action required! Your social security number has been compromised. Verify identity now: http://ssn-verify.info,1
"You won a $1,000 Amazon Gift Card! Claim your free reward today: http://claim-giftcard.xyz",1
SECURITY ALERT: Unauthorized login detected on your account. Tap here to lock account: http://secure-auth.net,1
"Dear Customer, your card has been charged $499.99 for order #35666. If not you, call support immediately or visit http://cancel-order.top",1
"Dear Customer, your card has been charged $499.99 for order #54875. If not you, call support immediately or visit http://cancel-order.top",1
URGENT: Your bank account has been suspended! Verify identity immediately within 24 hours: http://bank-verify.info,1
URGENT: Your bank account has been suspended! Verify identity immediately within 24 hours: http://bank-verify.info,1
SECURITY ALERT: Unauthorized login detected on your account. Tap here to lock account: http://secure-auth.net,1
Your weekly account summary is ready to view in the banking app.,0
"Hey, are we still meeting for lunch today? Let me know!",0
Your appointment with Dr. Smith is confirmed for Friday at 10 AM.,0
Thanks for visiting our store! Here is your digital receipt for purchase #7725.,0
SECURITY ALERT: Unauthorized login detected on your account. Tap here to lock account: http://secure-auth.net,1
Your appointment with Dr. Smith is confirmed for Friday at 10 AM.,0
URGENT: Your bank account has been suspended! Verify identity immediately within 24 hours: http://bank-verify.info,1
Your weekly account summary is ready to view in the banking app.,0
"You won a $1,000 Amazon Gift Card! Claim your free reward today: http://claim-giftcard.xyz",1
URGENT: Your bank account has been suspended! Verify identity immediately within 24 hours: http://bank-verify.info,1
"You won a $1,000 Amazon Gift Card! Claim your free reward today: http://claim-giftcard.xyz",1
"Hey, are we still meeting for lunch today? Let me know!",0
Thanks for visiting our store! Here is your digital receipt for purchase #2712.,0
Congratulations! You were selected to receive 0.5 BTC reward. Claim your prize immediately: http://bit-claim.org,1
SECURITY ALERT: Unauthorized login detected on your account. Tap here to lock account: http://secure-auth.net,1
"Hey, are we still meeting for lunch today? Let me know!",0
"You won a $1,000 Amazon Gift Card! Claim your free reward today: http://claim-giftcard.xyz",1
FINAL WARNING: Your parcel delivery failed due to unpaid customs fee of $2.99. Pay now: http://postal-fee.org,1
"ACT NOW! You have an unclaimed tax refund of $1,250. Click here to submit details: http://irs-refund-claim.com",1
FINAL WARNING: Your parcel delivery failed due to unpaid customs fee of $2.99. Pay now: http://postal-fee.org,1
Thanks for visiting our store! Here is your digital receipt for purchase #4373.,0
Your weekly account summary is ready to view in the banking app.,0
Congratulations! You were selected to receive 0.5 BTC reward. Claim your prize immediately: http://bit-claim.org,1
SECURITY ALERT: Unauthorized login detected on your account. Tap here to lock account: http://secure-auth.net,1
Congratulations! You were selected to receive 0.5 BTC reward. Claim your prize immediately: http://bit-claim.org,1
Thanks for visiting our store! Here is your digital receipt for purchase #7965.,0
"Hey, are we still meeting for lunch today? Let me know!",0
Hey! Don't forget our meeting today at 3:00 PM in Conference Room B.,0
Can you please review the attached document and send me your feedback?,0
FINAL WARNING: Your parcel delivery failed due to unpaid customs fee of $2.99. Pay now: http://postal-fee.org,1
"Dear Customer, your card has been charged $499.99 for order #97299. If not you, call support immediately or visit http://cancel-order.top",1
Happy Birthday John! Wishing you a fantastic day and great year ahead.,0
FINAL WARNING: Your parcel delivery failed due to unpaid customs fee of $2.99. Pay now: http://postal-fee.org,1
Congratulations! You were selected to receive 0.5 BTC reward. Claim your prize immediately: http://bit-claim.org,1
URGENT: Your bank account has been suspended! Verify identity immediately within 24 hours: http://bank-verify.info,1
"Hey, are we still meeting for lunch today? Let me know!",0
"Hey, are we still meeting for lunch today? Let me know!",0
"ACT NOW! You have an unclaimed tax refund of $1,250. Click here to submit details: http://irs-refund-claim.com",1
URGENT: Your bank account has been suspended! Verify identity immediately within 24 hours: http://bank-verify.info,1
Can you please review the attached document and send me your feedback?,0
Your weekly account summary is ready to view in the banking app.,0
"Hey, are we still meeting for lunch today? Let me know!",0
Your appointment with Dr. Smith is confirmed for Friday at 10 AM.,0
Can you please review the attached document and send me your feedback?,0
Can you please review the attached document and send me your feedback?,0
"Dear Customer, your card has been charged $499.99 for order #89237. If not you, call support immediately or visit http://cancel-order.top",1
"ACT NOW! You have an unclaimed tax refund of $1,250. Click here to submit details: http://irs-refund-claim.com",1
URGENT: Your bank account has been suspended! Verify identity immediately within 24 hours: http://bank-verify.info,1
URGENT: Your bank account has been suspended! Verify identity immediately within 24 hours: http://bank-verify.info,1
Hey! Don't forget our meeting today at 3:00 PM in Conference Room B.,0
Your weekly account summary is ready to view in the banking app.,0
Thanks for visiting our store! Here is your digital receipt for purchase #9745.,0
Your appointment with Dr. Smith is confirmed for Friday at 10 AM.,0
URGENT: Your bank account has been suspended! Verify identity immediately within 24 hours: http://bank-verify.info,1
"You won a $1,000 Amazon Gift Card! Claim your free reward today: http://claim-giftcard.xyz",1
Immediate action required! Your social security number has been compromised. Verify identity now: http://ssn-verify.info,1
SECURITY ALERT: Unauthorized login detected on your account. Tap here to lock account: http://secure-auth.net,1
Your weekly account summary is ready to view in the banking app.,0
Thanks for visiting our store! Here is your digital receipt for purchase #7331.,0
Thanks for visiting our store! Here is your digital receipt for purchase #5620.,0
FINAL WARNING: Your parcel delivery failed due to unpaid customs fee of $2.99. Pay now: http://postal-fee.org,1
"ACT NOW! You have an unclaimed tax refund of $1,250. Click here to submit details: http://irs-refund-claim.com",1
SECURITY ALERT: Unauthorized login detected on your account. Tap here to lock account: http://secure-auth.net,1
Happy Birthday John! Wishing you a fantastic day and great year ahead.,0
Thanks for visiting our store! Here is your digital receipt for purchase #7663.,0
Your appointment with Dr. Smith is confirmed for Friday at 10 AM.,0
SECURITY ALERT: Unauthorized login detected on your account. Tap here to lock account: http://secure-auth.net,1
Congratulations! You were selected to receive 0.5 BTC reward. Claim your prize immediately: http://bit-claim.org,1
Your appointment with Dr. Smith is confirmed for Friday at 10 AM.,0
Your appointment with Dr. Smith is confirmed for Friday at 10 AM.,0
FINAL WARNING: Your parcel delivery failed due to unpaid customs fee of $2.99. Pay now: http://postal-fee.org,1
Hey! Don't forget our meeting today at 3:00 PM in Conference Room B.,0
SECURITY ALERT: Unauthorized login detected on your account. Tap here to lock account: http://secure-auth.net,1
"Dear Customer, your card has been charged $499.99 for order #26724. If not you, call support immediately or visit http://cancel-order.top",1
Congratulations! You were selected to receive 0.5 BTC reward. Claim your prize immediately: http://bit-claim.org,1
Your appointment with Dr. Smith is confirmed for Friday at 10 AM.,0
Thanks for visiting our store! Here is your digital receipt for purchase #8124.,0
Happy Birthday Alex! Wishing you a fantastic day and great year ahead.,0
Can you please review the attached document and send me your feedback?,0
"Dear Customer, your card has been charged $499.99 for order #58112. If not you, call support immediately or visit http://cancel-order.top",1
"Hi Sarah, your package delivery is scheduled for tomorrow between 2 PM and 4 PM.",0
Your weekly account summary is ready to view in the banking app.,0
Congratulations! You were selected to receive 0.5 BTC reward. Claim your prize immediately: http://bit-claim.org,1
Happy Birthday Jessica! Wishing you a fantastic day and great year ahead.,0
"Hi Jessica, your package delivery is scheduled for tomorrow between 2 PM and 4 PM.",0
Your weekly account summary is ready to view in the banking app.,0
Happy Birthday Jessica! Wishing you a fantastic day and great year ahead.,0
FINAL WARNING: Your parcel delivery failed due to unpaid customs fee of $2.99. Pay now: http://postal-fee.org,1
Your appointment with Dr. Smith is confirmed for Friday at 10 AM.,0
Thanks for visiting our store! Here is your digital receipt for purchase #8604.,0
"Hey, are we still meeting for lunch today? Let me know!",0
"You won a $1,000 Amazon Gift Card! Claim your free reward today: http://claim-giftcard.xyz",1
"You won a $1,000 Amazon Gift Card! Claim your free reward today: http://claim-giftcard.xyz",1
Congratulations! You were selected to receive 0.5 BTC reward. Claim your prize immediately: http://bit-claim.org,1
URGENT: Your bank account has been suspended! Verify identity immediately within 24 hours: http://bank-verify.info,1
URGENT: Your bank account has been suspended! Verify identity immediately within 24 hours: http://bank-verify.info,1
Congratulations! You were selected to receive 0.5 BTC reward. Claim your prize immediately: http://bit-claim.org,1
Happy Birthday Alex! Wishing you a fantastic day and great year ahead.,0
Hey! Don't forget our meeting today at 3:00 PM in Conference Room B.,0
Immediate action required! Your social security number has been compromised. Verify identity now: http://ssn-verify.info,1
FINAL WARNING: Your parcel delivery failed due to unpaid customs fee of $2.99. Pay now: http://postal-fee.org,1
"ACT NOW! You have an unclaimed tax refund of $1,250. Click here to submit details: http://irs-refund-claim.com",1
SECURITY ALERT: Unauthorized login detected on your account. Tap here to lock account: http://secure-auth.net,1
"You won a $1,000 Amazon Gift Card! Claim your free reward today: http://claim-giftcard.xyz",1
Congratulations! You were selected to receive 0.5 BTC reward. Claim your prize immediately: http://bit-claim.org,1
"Hi Jessica, your package delivery is scheduled for tomorrow between 2 PM and 4 PM.",0
Can you please review the attached document and send me your feedback?,0
URGENT: Your bank account has been suspended! Verify identity immediately within 24 hours: http://bank-verify.info,1
"You won a $1,000 Amazon Gift Card! Claim your free reward today: http://claim-giftcard.xyz",1
"ACT NOW! You have an unclaimed tax refund of $1,250. Click here to submit details: http://irs-refund-claim.com",1
Immediate action required! Your social security number has been compromised. Verify identity now: http://ssn-verify.info,1
SECURITY ALERT: Unauthorized login detected on your account. Tap here to lock account: http://secure-auth.net,1
FINAL WARNING: Your parcel delivery failed due to unpaid customs fee of $2.99. Pay now: http://postal-fee.org,1
URGENT: Your bank account has been suspended! Verify identity immediately within 24 hours: http://bank-verify.info,1
Immediate action required! Your social security number has been compromised. Verify identity now: http://ssn-verify.info,1
Congratulations! You were selected to receive 0.5 BTC reward. Claim your prize immediately: http://bit-claim.org,1
Happy Birthday Sarah! Wishing you a fantastic day and great year ahead.,0
Can you please review the attached document and send me your feedback?,0
FINAL WARNING: Your parcel delivery failed due to unpaid customs fee of $2.99. Pay now: http://postal-fee.org,1
Hey! Don't forget our meeting today at 3:00 PM in Conference Room B.,0
Your weekly account summary is ready to view in the banking app.,0
"Hi Sarah, your package delivery is scheduled for tomorrow between 2 PM and 4 PM.",0
Can you please review the attached document and send me your feedback?,0
Your weekly account summary is ready to view in the banking app.,0
Happy Birthday Sarah! Wishing you a fantastic day and great year ahead.,0
Congratulations! You were selected to receive 0.5 BTC reward. Claim your prize immediately: http://bit-claim.org,1
Your weekly account summary is ready to view in the banking app.,0
Thanks for visiting our store! Here is your digital receipt for purchase #9042.,0
"You won a $1,000 Amazon Gift Card! Claim your free reward today: http://claim-giftcard.xyz",1
Can you please review the attached document and send me your feedback?,0
"Dear Customer, your card has been charged $499.99 for order #95156. If not you, call support immediately or visit http://cancel-order.top",1
SECURITY ALERT: Unauthorized login detected on your account. Tap here to lock account: http://secure-auth.net,1
"Dear Customer, your card has been charged $499.99 for order #37836. If not you, call support immediately or visit http://cancel-order.top",1
"Hey, are we still meeting for lunch today? Let me know!",0
Congratulations! You were selected to receive 0.5 BTC reward. Claim your prize immediately: http://bit-claim.org,1
URGENT: Your bank account has been suspended! Verify identity immediately within 24 hours: http://bank-verify.info,1
Your weekly account summary is ready to view in the banking app.,0
Congratulations! You were selected to receive 0.5 BTC reward. Claim your prize immediately: http://bit-claim.org,1
URGENT: Your bank account has been suspended! Verify identity immediately within 24 hours: http://bank-verify.info,1
"You won a $1,000 Amazon Gift Card! Claim your free reward today: http://claim-giftcard.xyz",1
Your appointment with Dr. Smith is confirmed for Friday at 10 AM.,0
"Dear Customer, your card has been charged $499.99 for order #45276. If not you, call support immediately or visit http://cancel-order.top",1
Happy Birthday Sarah! Wishing you a fantastic day and great year ahead.,0
SECURITY ALERT: Unauthorized login detected on your account. Tap here to lock account: http://secure-auth.net,1
Hey! Don't forget our meeting today at 3:00 PM in Conference Room B.,0
Congratulations! You were selected to receive 0.5 BTC reward. Claim your prize immediately: http://bit-claim.org,1
Happy Birthday David! Wishing you a fantastic day and great year ahead.,0
"Dear Customer, your card has been charged $499.99 for order #59788. If not you, call support immediately or visit http://cancel-order.top",1
Happy Birthday John! Wishing you a fantastic day and great year ahead.,0
SECURITY ALERT: Unauthorized login detected on your account. Tap here to lock account: http://secure-auth.net,1
"You won a $1,000 Amazon Gift Card! Claim your free reward today: http://claim-giftcard.xyz",1
FINAL WARNING: Your parcel delivery failed due to unpaid customs fee of $2.99. Pay now: http://postal-fee.org,1
"ACT NOW! You have an unclaimed tax refund of $1,250. Click here to submit details: http://irs-refund-claim.com",1
"Dear Customer, your card has been charged $499.99 for order #76056. If not you, call support immediately or visit http://cancel-order.top",1
Happy Birthday Alex! Wishing you a fantastic day and great year ahead.,0
Can you please review the attached document and send me your feedback?,0
Hey! Don't forget our meeting today at 3:00 PM in Conference Room B.,0
"Hey, are we still meeting for lunch today? Let me know!",0
"Hi Jessica, your package delivery is scheduled for tomorrow between 2 PM and 4 PM.",0
"Hey, are we still meeting for lunch today? Let me know!",0
Thanks for visiting our store! Here is your digital receipt for purchase #4157.,0
SECURITY ALERT: Unauthorized login detected on your account. Tap here to lock account: http://secure-auth.net,1
Congratulations! You were selected to receive 0.5 BTC reward. Claim your prize immediately: http://bit-claim.org,1
Thanks for visiting our store! Here is your digital receipt for purchase #6331.,0
Happy Birthday Jessica! Wishing you a fantastic day and great year ahead.,0
Congratulations! You were selected to receive 0.5 BTC reward. Claim your prize immediately: http://bit-claim.org,1
Happy Birthday Michael! Wishing you a fantastic day and great year ahead.,0
Congratulations! You were selected to receive 0.5 BTC reward. Claim your prize immediately: http://bit-claim.org,1
Can you please review the attached document and send me your feedback?,0
Hey! Don't forget our meeting today at 3:00 PM in Conference Room B.,0
"Hey, are we still meeting for lunch today? Let me know!",0
Hey! Don't forget our meeting today at 3:00 PM in Conference Room B.,0
"ACT NOW! You have an unclaimed tax refund of $1,250. Click here to submit details: http://irs-refund-claim.com",1
Congratulations! You were selected to receive 0.5 BTC reward. Claim your prize immediately: http://bit-claim.org,1
"Dear Customer, your card has been charged $499.99 for order #27239. If not you, call support immediately or visit http://cancel-order.top",1
"Hi Emily, your package delivery is scheduled for tomorrow between 2 PM and 4 PM.",0
Immediate action required! Your social security number has been compromised. Verify identity now: http://ssn-verify.info,1
"ACT NOW! You have an unclaimed tax refund of $1,250. Click here to submit details: http://irs-refund-claim.com",1
Your appointment with Dr. Smith is confirmed for Friday at 10 AM.,0
"You won a $1,000 Amazon Gift Card! Claim your free reward today: http://claim-giftcard.xyz",1
SECURITY ALERT: Unauthorized login detected on your account. Tap here to lock account: http://secure-auth.net,1
FINAL WARNING: Your parcel delivery failed due to unpaid customs fee of $2.99. Pay now: http://postal-fee.org,1
"Dear Customer, your card has been charged $499.99 for order #12030. If not you, call support immediately or visit http://cancel-order.top",1
"You won a $1,000 Amazon Gift Card! Claim your free reward today: http://claim-giftcard.xyz",1
Immediate action required! Your social security number has been compromised. Verify identity now: http://ssn-verify.info,1
URGENT: Your bank account has been suspended! Verify identity immediately within 24 hours: http://bank-verify.info,1
Happy Birthday Michael! Wishing you a fantastic day and great year ahead.,0
"Dear Customer, your card has been charged $499.99 for order #14742. If not you, call support immediately or visit http://cancel-order.top",1
URGENT: Your bank account has been suspended! Verify identity immediately within 24 hours: http://bank-verify.info,1
URGENT: Your bank account has been suspended! Verify identity immediately within 24 hours: http://bank-verify.info,1
FINAL WARNING: Your parcel delivery failed due to unpaid customs fee of $2.99. Pay now: http://postal-fee.org,1
Hey! Don't forget our meeting today at 3:00 PM in Conference Room B.,0
URGENT: Your bank account has been suspended! Verify identity immediately within 24 hours: http://bank-verify.info,1
Thanks for visiting our store! Here is your digital receipt for purchase #6612.,0
"Hey, are we still meeting for lunch today? Let me know!",0
Hey! Don't forget our meeting today at 3:00 PM in Conference Room B.,0
URGENT: Your bank account has been suspended! Verify identity immediately within 24 hours: http://bank-verify.info,1
Happy Birthday Michael! Wishing you a fantastic day and great year ahead.,0
Happy Birthday Michael! Wishing you a fantastic day and great year ahead.,0
Happy Birthday Michael! Wishing you a fantastic day and great year ahead.,0
"You won a $1,000 Amazon Gift Card! Claim your free reward today: http://claim-giftcard.xyz",1
Happy Birthday Daniel! Wishing you a fantastic day and great year ahead.,0
FINAL WARNING: Your parcel delivery failed due to unpaid customs fee of $2.99. Pay now: http://postal-fee.org,1
"You won a $1,000 Amazon Gift Card! Claim your free reward today: http://claim-giftcard.xyz",1
"You won a $1,000 Amazon Gift Card! Claim your free reward today: http://claim-giftcard.xyz",1
Happy Birthday Sarah! Wishing you a fantastic day and great year ahead.,0
Thanks for visiting our store! Here is your digital receipt for purchase #3704.,0
Congratulations! You were selected to receive 0.5 BTC reward. Claim your prize immediately: http://bit-claim.org,1
Your appointment with Dr. Smith is confirmed for Friday at 10 AM.,0
Can you please review the attached document and send me your feedback?,0
"ACT NOW! You have an unclaimed tax refund of $1,250. Click here to submit details: http://irs-refund-claim.com",1
"Dear Customer, your card has been charged $499.99 for order #13020. If not you, call support immediately or visit http://cancel-order.top",1
Your appointment with Dr. Smith is confirmed for Friday at 10 AM.,0
"Hi Alex, your package delivery is scheduled for tomorrow between 2 PM and 4 PM.",0
Thanks for visiting our store! Here is your digital receipt for purchase #4842.,0
Thanks for visiting our store! Here is your digital receipt for purchase #9925.,0
SECURITY ALERT: Unauthorized login detected on your account. Tap here to lock account: http://secure-auth.net,1
URGENT: Your bank account has been suspended! Verify identity immediately within 24 hours: http://bank-verify.info,1
"Hey, are we still meeting for lunch today? Let me know!",0
FINAL WARNING: Your parcel delivery failed due to unpaid customs fee of $2.99. Pay now: http://postal-fee.org,1
Immediate action required! Your social security number has been compromised. Verify identity now: http://ssn-verify.info,1
Your appointment with Dr. Smith is confirmed for Friday at 10 AM.,0
"ACT NOW! You have an unclaimed tax refund of $1,250. Click here to submit details: http://irs-refund-claim.com",1
Hey! Don't forget our meeting today at 3:00 PM in Conference Room B.,0
Can you please review the attached document and send me your feedback?,0
Thanks for visiting our store! Here is your digital receipt for purchase #2560.,0
"Hey, are we still meeting for lunch today? Let me know!",0
Thanks for visiting our store! Here is your digital receipt for purchase #6471.,0
URGENT: Your bank account has been suspended! Verify identity immediately within 24 hours: http://bank-verify.info,1
Your weekly account summary is ready to view in the banking app.,0
Hey! Don't forget our meeting today at 3:00 PM in Conference Room B.,0
"Hi David, your package delivery is scheduled for tomorrow between 2 PM and 4 PM.",0
Can you please review the attached document and send me your feedback?,0
Your weekly account summary is ready to view in the banking app.,0
Thanks for visiting our store! Here is your digital receipt for purchase #8203.,0
"ACT NOW! You have an unclaimed tax refund of $1,250. Click here to submit details: http://irs-refund-claim.com",1
SECURITY ALERT: Unauthorized login detected on your account. Tap here to lock account: http://secure-auth.net,1
Your appointment with Dr. Smith is confirmed for Friday at 10 AM.,0
"Hey, are we still meeting for lunch today? Let me know!",0
SECURITY ALERT: Unauthorized login detected on your account. Tap here to lock account: http://secure-auth.net,1
Can you please review the attached document and send me your feedback?,0
Can you please review the attached document and send me your feedback?,0
Your weekly account summary is ready to view in the banking app.,0
Happy Birthday Emily! Wishing you a fantastic day and great year ahead.,0
Congratulations! You were selected to receive 0.5 BTC reward. Claim your prize immediately: http://bit-claim.org,1
Happy Birthday Michael! Wishing you a fantastic day and great year ahead.,0
"Dear Customer, your card has been charged $499.99 for order #52535. If not you, call support immediately or visit http://cancel-order.top",1
Immediate action required! Your social security number has been compromised. Verify identity now: http://ssn-verify.info,1
"Dear Customer, your card has been charged $499.99 for order #71303. If not you, call support immediately or visit http://cancel-order.top",1
URGENT: Your bank account has been suspended! Verify identity immediately within 24 hours: http://bank-verify.info,1
FINAL WARNING: Your parcel delivery failed due to unpaid customs fee of $2.99. Pay now: http://postal-fee.org,1
Thanks for visiting our store! Here is your digital receipt for purchase #4515.,0
FINAL WARNING: Your parcel delivery failed due to unpaid customs fee of $2.99. Pay now: http://postal-fee.org,1
Happy Birthday Alex! Wishing you a fantastic day and great year ahead.,0
"ACT NOW! You have an unclaimed tax refund of $1,250. Click here to submit details: http://irs-refund-claim.com",1
Congratulations! You were selected to receive 0.5 BTC reward. Claim your prize immediately: http://bit-claim.org,1
URGENT: Your bank account has been suspended! Verify identity immediately within 24 hours: http://bank-verify.info,1
Your weekly account summary is ready to view in the banking app.,0
URGENT: Your bank account has been suspended! Verify identity immediately within 24 hours: http://bank-verify.info,1
SECURITY ALERT: Unauthorized login detected on your account. Tap here to lock account: http://secure-auth.net,1
Thanks for visiting our store! Here is your digital receipt for purchase #1321.,0
Your appointment with Dr. Smith is confirmed for Friday at 10 AM.,0
"You won a $1,000 Amazon Gift Card! Claim your free reward today: http://claim-giftcard.xyz",1
"Dear Customer, your card has been charged $499.99 for order #36801. If not you, call support immediately or visit http://cancel-order.top",1
"Hi David, your package delivery is scheduled for tomorrow between 2 PM and 4 PM.",0
Can you please review the attached document and send me your feedback?,0
Thanks for visiting our store! Here is your digital receipt for purchase #5849.,0
"Hi Daniel, your package delivery is scheduled for tomorrow between 2 PM and 4 PM.",0
"You won a $1,000 Amazon Gift Card! Claim your free reward today: http://claim-giftcard.xyz",1
"Dear Customer, your card has been charged $499.99 for order #87085. If not you, call support immediately or visit http://cancel-order.top",1
Thanks for visiting our store! Here is your digital receipt for purchase #9091.,0
Your appointment with Dr. Smith is confirmed for Friday at 10 AM.,0
FINAL WARNING: Your parcel delivery failed due to unpaid customs fee of $2.99. Pay now: http://postal-fee.org,1
SECURITY ALERT: Unauthorized login detected on your account. Tap here to lock account: http://secure-auth.net,1
"Dear Customer, your card has been charged $499.99 for order #68169. If not you, call support immediately or visit http://cancel-order.top",1
Your weekly account summary is ready to view in the banking app.,0
Immediate action required! Your social security number has been compromised. Verify identity now: http://ssn-verify.info,1
"Hi Jessica, your package delivery is scheduled for tomorrow between 2 PM and 4 PM.",0
"ACT NOW! You have an unclaimed tax refund of $1,250. Click here to submit details: http://irs-refund-claim.com",1
Thanks for visiting our store! Here is your digital receipt for purchase #4980.,0
Hey! Don't forget our meeting today at 3:00 PM in Conference Room B.,0
"Hey, are we still meeting for lunch today? Let me know!",0
Can you please review the attached document and send me your feedback?,0
Your weekly account summary is ready to view in the banking app.,0
"Hi Emily, your package delivery is scheduled for tomorrow between 2 PM and 4 PM.",0
"Hi Sarah, your package delivery is scheduled for tomorrow between 2 PM and 4 PM.",0
"Hi Jessica, your package delivery is scheduled for tomorrow between 2 PM and 4 PM.",0
Thanks for visiting our store! Here is your digital receipt for purchase #8956.,0
"Hey, are we still meeting for lunch today? Let me know!",0
"Hey, are we still meeting for lunch today? Let me know!",0
FINAL WARNING: Your parcel delivery failed due to unpaid customs fee of $2.99. Pay now: http://postal-fee.org,1
"Hi Sarah, your package delivery is scheduled for tomorrow between 2 PM and 4 PM.",0
SECURITY ALERT: Unauthorized login detected on your account. Tap here to lock account: http://secure-auth.net,1
Your weekly account summary is ready to view in the banking app.,0
Your weekly account summary is ready to view in the banking app.,0
Congratulations! You were selected to receive 0.5 BTC reward. Claim your prize immediately: http://bit-claim.org,1
Happy Birthday David! Wishing you a fantastic day and great year ahead.,0
SECURITY ALERT: Unauthorized login detected on your account. Tap here to lock account: http://secure-auth.net,1
Happy Birthday Sarah! Wishing you a fantastic day and great year ahead.,0
Your appointment with Dr. Smith is confirmed for Friday at 10 AM.,0
"Hey, are we still meeting for lunch today? Let me know!",0
Your appointment with Dr. Smith is confirmed for Friday at 10 AM.,0
Your appointment with Dr. Smith is confirmed for Friday at 10 AM.,0
"ACT NOW! You have an unclaimed tax refund of $1,250. Click here to submit details: http://irs-refund-claim.com",1
SECURITY ALERT: Unauthorized login detected on your account. Tap here to lock account: http://secure-auth.net,1
Happy Birthday Alex! Wishing you a fantastic day and great year ahead.,0
FINAL WARNING: Your parcel delivery failed due to unpaid customs fee of $2.99. Pay now: http://postal-fee.org,1
Congratulations! You were selected to receive 0.5 BTC reward. Claim your prize immediately: http://bit-claim.org,1
Hey! Don't forget our meeting today at 3:00 PM in Conference Room B.,0
"You won a $1,000 Amazon Gift Card! Claim your free reward today: http://claim-giftcard.xyz",1
SECURITY ALERT: Unauthorized login detected on your account. Tap here to lock account: http://secure-auth.net,1
SECURITY ALERT: Unauthorized login detected on your account. Tap here to lock account: http://secure-auth.net,1
Thanks for visiting our store! Here is your digital receipt for purchase #1256.,0
FINAL WARNING: Your parcel delivery failed due to unpaid customs fee of $2.99. Pay now: http://postal-fee.org,1
Can you please review the attached document and send me your feedback?,0
Happy Birthday Daniel! Wishing you a fantastic day and great year ahead.,0
"Dear Customer, your card has been charged $499.99 for order #34407. If not you, call support immediately or visit http://cancel-order.top",1
Happy Birthday Jessica! Wishing you a fantastic day and great year ahead.,0
SECURITY ALERT: Unauthorized login detected on your account. Tap here to lock account: http://secure-auth.net,1
Immediate action required! Your social security number has been compromised. Verify identity now: http://ssn-verify.info,1
Congratulations! You were selected to receive 0.5 BTC reward. Claim your prize immediately: http://bit-claim.org,1
"Hi David, your package delivery is scheduled for tomorrow between 2 PM and 4 PM.",0
Happy Birthday Michael! Wishing you a fantastic day and great year ahead.,0
"Hey, are we still meeting for lunch today? Let me know!",0
"You won a $1,000 Amazon Gift Card! Claim your free reward today: http://claim-giftcard.xyz",1
"You won a $1,000 Amazon Gift Card! Claim your free reward today: http://claim-giftcard.xyz",1
Can you please review the attached document and send me your feedback?,0
"Dear Customer, your card has been charged $499.99 for order #24014. If not you, call support immediately or visit http://cancel-order.top",1
Happy Birthday John! Wishing you a fantastic day and great year ahead.,0
"Hey, are we still meeting for lunch today? Let me know!",0
FINAL WARNING: Your parcel delivery failed due to unpaid customs fee of $2.99. Pay now: http://postal-fee.org,1
Hey! Don't forget our meeting today at 3:00 PM in Conference Room B.,0
"Hi John, your package delivery is scheduled for tomorrow between 2 PM and 4 PM.",0
Can you please review the attached document and send me your feedback?,0
Hey! Don't forget our meeting today at 3:00 PM in Conference Room B.,0
URGENT: Your bank account has been suspended! Verify identity immediately within 24 hours: http://bank-verify.info,1
SECURITY ALERT: Unauthorized login detected on your account. Tap here to lock account: http://secure-auth.net,1
"ACT NOW! You have an unclaimed tax refund of $1,250. Click here to submit details: http://irs-refund-claim.com",1
Your weekly account summary is ready to view in the banking app.,0
"Hi Sarah, your package delivery is scheduled for tomorrow between 2 PM and 4 PM.",0
FINAL WARNING: Your parcel delivery failed due to unpaid customs fee of $2.99. Pay now: http://postal-fee.org,1
FINAL WARNING: Your parcel delivery failed due to unpaid customs fee of $2.99. Pay now: http://postal-fee.org,1
"ACT NOW! You have an unclaimed tax refund of $1,250. Click here to submit details: http://irs-refund-claim.com",1
Your weekly account summary is ready to view in the banking app.,0
"Dear Customer, your card has been charged $499.99 for order #36187. If not you, call support immediately or visit http://cancel-order.top",1
Immediate action required! Your social security number has been compromised. Verify identity now: http://ssn-verify.info,1
Thanks for visiting our store! Here is your digital receipt for purchase #9925.,0
SECURITY ALERT: Unauthorized login detected on your account. Tap here to lock account: http://secure-auth.net,1
Immediate action required! Your social security number has been compromised. Verify identity now: http://ssn-verify.info,1
Your appointment with Dr. Smith is confirmed for Friday at 10 AM.,0
"Hey, are we still meeting for lunch today? Let me know!",0
Happy Birthday John! Wishing you a fantastic day and great year ahead.,0
FINAL WARNING: Your parcel delivery failed due to unpaid customs fee of $2.99. Pay now: http://postal-fee.org,1
Happy Birthday Emily! Wishing you a fantastic day and great year ahead.,0
Hey! Don't forget our meeting today at 3:00 PM in Conference Room B.,0
SECURITY ALERT: Unauthorized login detected on your account. Tap here to lock account: http://secure-auth.net,1
Your appointment with Dr. Smith is confirmed for Friday at 10 AM.,0
Your appointment with Dr. Smith is confirmed for Friday at 10 AM.,0
Congratulations! You were selected to receive 0.5 BTC reward. Claim your prize immediately: http://bit-claim.org,1
"Hey, are we still meeting for lunch today? Let me know!",0
Immediate action required! Your social security number has been compromised. Verify identity now: http://ssn-verify.info,1
Can you please review the attached document and send me your feedback?,0
Hey! Don't forget our meeting today at 3:00 PM in Conference Room B.,0
Immediate action required! Your social security number has been compromised. Verify identity now: http://ssn-verify.info,1
Congratulations! You were selected to receive 0.5 BTC reward. Claim your prize immediately: http://bit-claim.org,1
Your appointment with Dr. Smith is confirmed for Friday at 10 AM.,0
"ACT NOW! You have an unclaimed tax refund of $1,250. Click here to submit details: http://irs-refund-claim.com",1
"You won a $1,000 Amazon Gift Card! Claim your free reward today: http://claim-giftcard.xyz",1
"Hey, are we still meeting for lunch today? Let me know!",0
FINAL WARNING: Your parcel delivery failed due to unpaid customs fee of $2.99. Pay now: http://postal-fee.org,1
SECURITY ALERT: Unauthorized login detected on your account. Tap here to lock account: http://secure-auth.net,1
SECURITY ALERT: Unauthorized login detected on your account. Tap here to lock account: http://secure-auth.net,1
Hey! Don't forget our meeting today at 3:00 PM in Conference Room B.,0
FINAL WARNING: Your parcel delivery failed due to unpaid customs fee of $2.99. Pay now: http://postal-fee.org,1
Your weekly account summary is ready to view in the banking app.,0
Your weekly account summary is ready to view in the banking app.,0
Your weekly account summary is ready to view in the banking app.,0
Hey! Don't forget our meeting today at 3:00 PM in Conference Room B.,0
Can you please review the attached document and send me your feedback?,0
Happy Birthday Michael! Wishing you a fantastic day and great year ahead.,0
Your weekly account summary is ready to view in the banking app.,0
"Hey, are we still meeting for lunch today? Let me know!",0
"Hi Alex, your package delivery is scheduled for tomorrow between 2 PM and 4 PM.",0
URGENT: Your bank account has been suspended! Verify identity immediately within 24 hours: http://bank-verify.info,1
Your appointment with Dr. Smith is confirmed for Friday at 10 AM.,0
Can you please review the attached document and send me your feedback?,0
"Hi David, your package delivery is scheduled for tomorrow between 2 PM and 4 PM.",0
"Hey, are we still meeting for lunch today? Let me know!",0
Thanks for visiting our store! Here is your digital receipt for purchase #3086.,0
Congratulations! You were selected to receive 0.5 BTC reward. Claim your prize immediately: http://bit-claim.org,1
Happy Birthday Daniel! Wishing you a fantastic day and great year ahead.,0
URGENT: Your bank account has been suspended! Verify identity immediately within 24 hours: http://bank-verify.info,1
Congratulations! You were selected to receive 0.5 BTC reward. Claim your prize immediately: http://bit-claim.org,1
FINAL WARNING: Your parcel delivery failed due to unpaid customs fee of $2.99. Pay now: http://postal-fee.org,1
Hey! Don't forget our meeting today at 3:00 PM in Conference Room B.,0
Congratulations! You were selected to receive 0.5 BTC reward. Claim your prize immediately: http://bit-claim.org,1
Hey! Don't forget our meeting today at 3:00 PM in Conference Room B.,0
"Hi Michael, your package delivery is scheduled for tomorrow between 2 PM and 4 PM.",0
Thanks for visiting our store! Here is your digital receipt for purchase #2723.,0
Thanks for visiting our store! Here is your digital receipt for purchase #1845.,0
"You won a $1,000 Amazon Gift Card! Claim your free reward today: http://claim-giftcard.xyz",1
"Hey, are we still meeting for lunch today? Let me know!",0
"Hey, are we still meeting for lunch today? Let me know!",0
"Hey, are we still meeting for lunch today? Let me know!",0
Immediate action required! Your social security number has been compromised. Verify identity now: http://ssn-verify.info,1
Immediate action required! Your social security number has been compromised. Verify identity now: http://ssn-verify.info,1
SECURITY ALERT: Unauthorized login detected on your account. Tap here to lock account: http://secure-auth.net,1
"You won a $1,000 Amazon Gift Card! Claim your free reward today: http://claim-giftcard.xyz",1
Thanks for visiting our store! Here is your digital receipt for purchase #8581.,0
FINAL WARNING: Your parcel delivery failed due to unpaid customs fee of $2.99. Pay now: http://postal-fee.org,1
